allow_hard_call	cell_type_id	cell_type_label	curation_notes	curation_version	display_name	gene_set_description	interpretation_status	is_composite_required	is_qc	manual_review_status	n_markers	provenance_warning_count	release_class	score_scope	short_description	source_gmt	source_workbook	state_class	state_id	state_label	tissue_id	tissue_label
false	adipocyte	Adipocyte	PVAT inflammatory/dysfunctional program; validate against immune contamination and low adipocyte RNA capture.	2026-05-26	Inflammatory dysfunctional pvat adipocyte	Queiroz and Sena 2024 Cardiovasc Diabetol, perivascular adipose tissue and cardiovascular health; Adachi et al. 2023 Front Cardiovasc Med, perivascular adipose tissue in vascular pathologies	continuous_gradient	false	false	reviewed	10	1	portal_flagged	within_tissue_cell_type	Inflammatory dysfunctional pvat adipocyte represents inflammatory activation in Adipocyte.	dat/artery/artery_cell_state_markers.gmt	dat/artery/artery_cell_state_markers.xlsx	process_gradient	artery_adipocyte_inflammatory_dysfunctional_pvat_adipocyte	Inflammatory dysfunctional pvat adipocyte	artery	Artery
false	adipocyte	Adipocyte	Mature lipid-storage adipocyte identity program.	2026-05-26	Mature adipocyte lipid storage	Emont et al. 2022 Nature, single-cell atlas of human and mouse white adipose tissue; Queiroz and Sena 2024 Cardiovasc Diabetol, perivascular adipose tissue and cardiovascular health	continuous_gradient	false	false	reviewed	10	1	portal_default	within_tissue_cell_type	Mature adipocyte lipid storage captures a functional activity program in Adipocyte.	dat/artery/artery_cell_state_markers.gmt	dat/artery/artery_cell_state_markers.xlsx	broad_function_gradient	artery_adipocyte_mature_adipocyte_lipid_storage	Mature adipocyte lipid storage	artery	Artery
false	adipocyte	Adipocyte	Thermogenic/beige-like perivascular adipocyte program.	2026-05-26	Thermogenic beige pvat adipocyte	Angueira et al. 2021 Nat Metab, thermogenic perivascular adipose tissue lineage; Adachi et al. 2023 Front Cardiovasc Med, perivascular adipose tissue in vascular pathologies	needs_review	false	false	reviewed	10	1	portal_default	within_tissue_cell_type	Thermogenic beige pvat adipocyte is a curated marker panel for Adipocyte in Artery. The biological interpretation needs review or more specific annotation.	dat/artery/artery_cell_state_markers.gmt	dat/artery/artery_cell_state_markers.xlsx	unknown	artery_adipocyte_thermogenic_beige_pvat_adipocyte	Thermogenic beige pvat adipocyte	artery	Artery
false	adipocyte	Adipocyte	Adipokine/vascular signaling program relevant to PVAT paracrine activity.	2026-05-26	Vasoactive adipokine secretory adipocyte	Queiroz and Sena 2024 Cardiovasc Diabetol, perivascular adipose tissue and cardiovascular health; Adachi et al. 2023 Front Cardiovasc Med, perivascular adipose tissue in vascular pathologies	continuous_gradient	false	false	reviewed	10	1	portal_default	within_tissue_cell_type	Vasoactive adipokine secretory adipocyte captures a functional activity program in Adipocyte.	dat/artery/artery_cell_state_markers.gmt	dat/artery/artery_cell_state_markers.xlsx	broad_function_gradient	artery_adipocyte_vasoactive_adipokine_secretory_adipocyte	Vasoactive adipokine secretory adipocyte	artery	Artery
false	endothelial	Endothelial	Inflammatory endothelial activation and leukocyte-recruitment program.	2026-05-26	Activated inflammatory endothelial	Zhao et al. 2025 Front Immunol, single-cell atlas of endothelial cells in atherosclerosis; Traeuble et al. 2025 Nat Commun, integrated single-cell atlas of human atherosclerotic plaques	continuous_gradient	false	false	reviewed	10	1	portal_default	within_tissue_cell_type	Activated inflammatory endothelial represents inflammatory activation in Endothelial.	dat/artery/artery_cell_state_markers.gmt	dat/artery/artery_cell_state_markers.xlsx	process_gradient	artery_endothelial_activated_inflammatory_endothelial	Activated inflammatory endothelial	artery	Artery
false	endothelial	Endothelial	Angiogenic/proangiogenic plaque endothelial program; may mark vasa vasorum or lesion neovascularization.	2026-05-26	Angiogenic proangiogenic endothelial	Traeuble et al. 2025 Nat Commun, integrated single-cell atlas of human atherosclerotic plaques; Zhao et al. 2025 Front Immunol, single-cell atlas of endothelial cells in atherosclerosis; Barnett et al. 2024 Nat Med, organotypic atlas of human vascular cells	continuous_gradient	false	false	reviewed	10	1	portal_default	within_tissue_cell_type	Angiogenic proangiogenic endothelial captures angiogenic or vascular remodeling activity.	dat/artery/artery_cell_state_markers.gmt	dat/artery/artery_cell_state_markers.xlsx	process_gradient	artery_endothelial_angiogenic_proangiogenic_endothelial	Angiogenic proangiogenic endothelial	artery	Artery
false	endothelial	Endothelial	Arterial endothelial and aorta/coronary endothelial state markers.	2026-05-26	Arterial endothelial identity	Barnett et al. 2024 Nat Med, organotypic atlas of human vascular cells	continuous_gradient	false	false	reviewed	10	1	portal_default	within_tissue_cell_type	Arterial endothelial identity represents a curated identity or subtype marker program within Endothelial.	dat/artery/artery_cell_state_markers.gmt	dat/artery/artery_cell_state_markers.xlsx	broad_identity_gradient	artery_endothelial_arterial_endothelial_identity	Arterial endothelial identity	artery	Artery
false	endothelial	Endothelial	Capillary/microvascular endothelial program, including fatty-acid transport capillary signatures.	2026-05-26	Capillary microvascular endothelial identity	Barnett et al. 2024 Nat Med, organotypic atlas of human vascular cells	continuous_gradient	false	false	reviewed	10	1	portal_default	within_tissue_cell_type	Capillary microvascular endothelial identity represents a curated identity or subtype marker program within Endothelial.	dat/artery/artery_cell_state_markers.gmt	dat/artery/artery_cell_state_markers.xlsx	broad_identity_gradient	artery_endothelial_capillary_microvascular_endothelial_identity	Capillary microvascular endothelial identity	artery	Artery
false	endothelial	Endothelial	Endothelial-to-mesenchymal transition-like program; strong overlap with fibroblast and SMC markers.	2026-05-26	Endmt like endothelial	Zhao et al. 2025 Front Immunol, single-cell atlas of endothelial cells in atherosclerosis; Traeuble et al. 2025 Nat Commun, integrated single-cell atlas of human atherosclerotic plaques	continuous_gradient	false	false	reviewed	10	1	portal_flagged	within_tissue_cell_type	Endmt like endothelial captures remodeling, extracellular matrix, or transition-like activity in Endothelial.	dat/artery/artery_cell_state_markers.gmt	dat/artery/artery_cell_state_markers.xlsx	process_gradient	artery_endothelial_endmt_like_endothelial	Endmt like endothelial	artery	Artery
false	endothelial	Endothelial	Core blood endothelial identity and barrier/quiescent endothelial markers.	2026-05-26	Endothelial identity barrier quiescent	Barnett et al. 2024 Nat Med, organotypic atlas of human vascular cells	continuous_gradient	false	false	reviewed	10	1	portal_default	within_tissue_cell_type	Endothelial identity barrier quiescent represents a curated identity or subtype marker program within Endothelial.	dat/artery/artery_cell_state_markers.gmt	dat/artery/artery_cell_state_markers.xlsx	broad_identity_gradient	artery_endothelial_endothelial_identity_barrier_quiescent	Endothelial identity barrier quiescent	artery	Artery
false	endothelial	Endothelial	Generic interferon/MHC response within endothelial cells.	2026-05-26	Interferon response endothelial	Zhao et al. 2025 Front Immunol, single-cell atlas of endothelial cells in atherosclerosis; Traeuble et al. 2025 Nat Commun, integrated single-cell atlas of human atherosclerotic plaques	continuous_gradient	false	false	reviewed	10	2	portal_flagged	within_tissue_cell_type	Interferon / MHC response captures inflammatory, antiviral, and antigen-presentation activity within the parent cell type.	dat/artery/artery_cell_state_markers.gmt	dat/artery/artery_cell_state_markers.xlsx	process_gradient	artery_endothelial_interferon_response_endothelial	Interferon response endothelial	artery	Artery
false	endothelial	Endothelial	Venous/venular endothelial identity; ACKR1/POSTN supported by spatial validation in human vascular atlas.	2026-05-26	Venous venular endothelial identity	Barnett et al. 2024 Nat Med, organotypic atlas of human vascular cells	continuous_gradient	false	false	reviewed	10	1	portal_default	within_tissue_cell_type	Venous venular endothelial identity represents a curated identity or subtype marker program within Endothelial.	dat/artery/artery_cell_state_markers.gmt	dat/artery/artery_cell_state_markers.xlsx	broad_identity_gradient	artery_endothelial_venous_venular_endothelial_identity	Venous venular endothelial identity	artery	Artery
false	fibroblast	Fibroblast	Adipogenic/preadipocyte-like stromal program in perivascular adipose context.	2026-05-26	Adipogenic preadipocyte like fibroblast	Emont et al. 2022 Nature, single-cell atlas of human and mouse white adipose tissue; Queiroz and Sena 2024 Cardiovasc Diabetol, perivascular adipose tissue and cardiovascular health	needs_review	false	false	reviewed	10	1	portal_flagged	within_tissue_cell_type	Adipogenic preadipocyte like fibroblast is a curated marker panel for Fibroblast in Artery. The biological interpretation needs review or more specific annotation.	dat/artery/artery_cell_state_markers.gmt	dat/artery/artery_cell_state_markers.xlsx	unknown	artery_fibroblast_adipogenic_preadipocyte_like_fibroblast	Adipogenic preadipocyte like fibroblast	artery	Artery
false	fibroblast	Fibroblast	Adventitial/vascular ECM fibroblast identity program.	2026-05-26	Adventitial matrix fibroblast identity	Traeuble et al. 2025 Nat Commun, integrated single-cell atlas of human atherosclerotic plaques; Mosquera et al. 2023 Cell Reports, integrative single-cell meta-analysis of human atherosclerosis; Zhao et al. 2025 Front Immunol, single-cell atlas of endothelial cells in atherosclerosis	continuous_gradient	false	false	reviewed	10	1	portal_default	within_tissue_cell_type	Adventitial matrix fibroblast identity captures remodeling, extracellular matrix, or transition-like activity in Fibroblast.	dat/artery/artery_cell_state_markers.gmt	dat/artery/artery_cell_state_markers.xlsx	process_gradient	artery_fibroblast_adventitial_matrix_fibroblast_identity	Adventitial matrix fibroblast identity	artery	Artery
false	fibroblast	Fibroblast	Vascular fibromyocyte-like program; close transcriptional overlap with SMC-derived fibromyocytes.	2026-05-26	Fibromyocyte like vascular fibroblast	Mosquera et al. 2023 Cell Reports, integrative single-cell meta-analysis of human atherosclerosis; Traeuble et al. 2025 Nat Commun, integrated single-cell atlas of human atherosclerotic plaques	needs_review	false	false	reviewed	10	1	portal_flagged	within_tissue_cell_type	Fibromyocyte like vascular fibroblast is a curated marker panel for Fibroblast in Artery. The biological interpretation needs review or more specific annotation.	dat/artery/artery_cell_state_markers.gmt	dat/artery/artery_cell_state_markers.xlsx	unknown	artery_fibroblast_fibromyocyte_like_vascular_fibroblast	Fibromyocyte like vascular fibroblast	artery	Artery
false	fibroblast	Fibroblast	Inflammatory fibroblast/chemokine program in vascular remodeling.	2026-05-26	Inflammatory fibroblast	Traeuble et al. 2025 Nat Commun, integrated single-cell atlas of human atherosclerotic plaques; Mosquera et al. 2023 Cell Reports, integrative single-cell meta-analysis of human atherosclerosis	continuous_gradient	false	false	reviewed	10	1	portal_default	within_tissue_cell_type	Inflammatory fibroblast represents inflammatory activation in Fibroblast.	dat/artery/artery_cell_state_markers.gmt	dat/artery/artery_cell_state_markers.xlsx	process_gradient	artery_fibroblast_inflammatory_fibroblast	Inflammatory fibroblast	artery	Artery
false	fibroblast	Fibroblast	ECM remodeling fibroblast program.	2026-05-26	Matrix remodeling fibroblast	Traeuble et al. 2025 Nat Commun, integrated single-cell atlas of human atherosclerotic plaques; Mosquera et al. 2023 Cell Reports, integrative single-cell meta-analysis of human atherosclerosis	continuous_gradient	false	false	reviewed	10	1	portal_default	within_tissue_cell_type	Matrix remodeling fibroblast captures remodeling, extracellular matrix, or transition-like activity in Fibroblast.	dat/artery/artery_cell_state_markers.gmt	dat/artery/artery_cell_state_markers.xlsx	process_gradient	artery_fibroblast_matrix_remodeling_fibroblast	Matrix remodeling fibroblast	artery	Artery
false	fibroblast	Fibroblast	Contractile myofibroblast program; overlaps SMC and fibromyocyte biology.	2026-05-26	Myofibroblast contractile fibroblast	Traeuble et al. 2025 Nat Commun, integrated single-cell atlas of human atherosclerotic plaques; Grootaert et al. 2021 Cardiovasc Res, vascular smooth muscle cells in atherosclerosis	continuous_gradient	false	false	reviewed	10	1	portal_default	within_tissue_cell_type	Myofibroblast contractile fibroblast captures remodeling, extracellular matrix, or transition-like activity in Fibroblast.	dat/artery/artery_cell_state_markers.gmt	dat/artery/artery_cell_state_markers.xlsx	process_gradient	artery_fibroblast_myofibroblast_contractile_fibroblast	Myofibroblast contractile fibroblast	artery	Artery
false	macrophage	Macrophage	Antigen presentation and MHC program in plaque macrophages/myeloid cells.	2026-05-26	Antigen presenting macrophage	Fernandez et al. 2019 Nat Med, single-cell immune landscape of human atherosclerotic plaques; Traeuble et al. 2025 Nat Commun, integrated single-cell atlas of human atherosclerotic plaques	continuous_gradient	false	false	reviewed	10	1	portal_default	within_tissue_cell_type	Interferon / MHC response captures inflammatory, antiviral, and antigen-presentation activity within the parent cell type.	dat/artery/artery_cell_state_markers.gmt	dat/artery/artery_cell_state_markers.xlsx	process_gradient	artery_macrophage_antigen_presenting_macrophage	Antigen presenting macrophage	artery	Artery
false	macrophage	Macrophage	Foamy/lipid-associated macrophage program in atherosclerotic plaque.	2026-05-26	Foam trem2 lipid associated macrophage	Traeuble et al. 2025 Nat Commun, integrated single-cell atlas of human atherosclerotic plaques; Willemsen and de Winther 2020 Cardiovasc Res, macrophage subsets in atherosclerosis	continuous_gradient	false	false	reviewed	10	1	portal_default	within_tissue_cell_type	Foam trem2 lipid associated macrophage captures lipid-handling or phagocytic activity often associated with tissue remodeling or disease.	dat/artery/artery_cell_state_markers.gmt	dat/artery/artery_cell_state_markers.xlsx	process_gradient	artery_macrophage_foam_trem2_lipid_associated_macrophage	Foam trem2 lipid associated macrophage	artery	Artery
false	macrophage	Macrophage	Oxidative-stress/HMOX1 macrophage program enriched in advanced plaques.	2026-05-26	Hmox1 oxidative stress macrophage	Traeuble et al. 2025 Nat Commun, integrated single-cell atlas of human atherosclerotic plaques	continuous_gradient	false	false	reviewed	10	2	portal_default	within_tissue_cell_type	Oxidative / mitochondrial stress captures antioxidant response, mitochondrial proteostasis, and cellular stress-response activity.	dat/artery/artery_cell_state_markers.gmt	dat/artery/artery_cell_state_markers.xlsx	process_gradient	artery_macrophage_hmox1_oxidative_stress_macrophage	Hmox1 oxidative stress macrophage	artery	Artery
false	macrophage	Macrophage	Pro-inflammatory plaque macrophage/monocyte-like program with chemokines and inflammasome markers.	2026-05-26	Inflammatory chemokine macrophage	Traeuble et al. 2025 Nat Commun, integrated single-cell atlas of human atherosclerotic plaques; Willemsen and de Winther 2020 Cardiovasc Res, macrophage subsets in atherosclerosis	continuous_gradient	false	false	reviewed	10	1	portal_default	within_tissue_cell_type	Inflammatory chemokine macrophage represents inflammatory activation in Macrophage.	dat/artery/artery_cell_state_markers.gmt	dat/artery/artery_cell_state_markers.xlsx	process_gradient	artery_macrophage_inflammatory_chemokine_macrophage	Inflammatory chemokine macrophage	artery	Artery
false	macrophage	Macrophage	Type I interferon response macrophage program.	2026-05-26	Interferon response macrophage	Traeuble et al. 2025 Nat Commun, integrated single-cell atlas of human atherosclerotic plaques	continuous_gradient	false	false	reviewed	10	2	portal_default	within_tissue_cell_type	Interferon / MHC response captures inflammatory, antiviral, and antigen-presentation activity within the parent cell type.	dat/artery/artery_cell_state_markers.gmt	dat/artery/artery_cell_state_markers.xlsx	process_gradient	artery_macrophage_interferon_response_macrophage	Interferon response macrophage	artery	Artery
false	macrophage	Macrophage	Resident-like macrophage program reported in atherosclerotic lesions and healthy vascular tissue.	2026-05-26	Resident like macrophage	Willemsen and de Winther 2020 Cardiovasc Res, macrophage subsets in atherosclerosis; Traeuble et al. 2025 Nat Commun, integrated single-cell atlas of human atherosclerotic plaques	continuous_gradient	false	false	reviewed	10	1	portal_default	within_tissue_cell_type	Resident like macrophage represents a curated identity or subtype marker program within Macrophage.	dat/artery/artery_cell_state_markers.gmt	dat/artery/artery_cell_state_markers.xlsx	broad_identity_gradient	artery_macrophage_resident_like_macrophage	Resident like macrophage	artery	Artery
false	mature_nk_t_cell	Mature NK T cell	Recently activated antigen-engaged plaque T-cell program.	2026-05-26	Activated antigen engaged t cell	Depuydt et al. 2023 Nat Cardiovasc Res, plaque TCR-seq and effector T-cell states	needs_review	false	false	reviewed	10	1	portal_default	within_tissue_cell_type	Activated antigen engaged t cell is a curated marker panel for Mature NK T cell in Artery. The biological interpretation needs review or more specific annotation.	dat/artery/artery_cell_state_markers.gmt	dat/artery/artery_cell_state_markers.xlsx	unknown	artery_mature_nk_t_cell_activated_antigen_engaged_t_cell	Activated antigen engaged t cell	artery	Artery
false	mature_nk_t_cell	Mature NK T cell	Cytotoxic effector NK/T program.	2026-05-26	Cytotoxic nk t effector	Depuydt et al. 2023 Nat Cardiovasc Res, plaque TCR-seq and effector T-cell states; Fernandez et al. 2019 Nat Med, single-cell immune landscape of human atherosclerotic plaques	needs_review	false	false	reviewed	10	1	portal_default	within_tissue_cell_type	Cytotoxic nk t effector is a curated marker panel for Mature NK T cell in Artery. The biological interpretation needs review or more specific annotation.	dat/artery/artery_cell_state_markers.gmt	dat/artery/artery_cell_state_markers.xlsx	unknown	artery_mature_nk_t_cell_cytotoxic_nk_t_effector	Cytotoxic nk t effector	artery	Artery
false	mature_nk_t_cell	Mature NK T cell	Exhausted/dysfunctional T-cell program.	2026-05-26	Exhausted dysfunctional t cell	Depuydt et al. 2023 Nat Cardiovasc Res, plaque TCR-seq and effector T-cell states; Saigusa et al. 2020 Nat Rev Cardiol, T cell subsets and functions in atherosclerosis	continuous_gradient	false	false	reviewed	10	1	portal_default	within_tissue_cell_type	Exhausted dysfunctional t cell captures a functional activity program in Mature NK T cell.	dat/artery/artery_cell_state_markers.gmt	dat/artery/artery_cell_state_markers.xlsx	broad_function_gradient	artery_mature_nk_t_cell_exhausted_dysfunctional_t_cell	Exhausted dysfunctional t cell	artery	Artery
false	mature_nk_t_cell	Mature NK T cell	Generic interferon response within NK/T cells.	2026-05-26	Interferon response nk t cell	Depuydt et al. 2023 Nat Cardiovasc Res, plaque TCR-seq and effector T-cell states; Fernandez et al. 2019 Nat Med, single-cell immune landscape of human atherosclerotic plaques	continuous_gradient	false	false	reviewed	10	2	portal_flagged	within_tissue_cell_type	Interferon / MHC response captures inflammatory, antiviral, and antigen-presentation activity within the parent cell type.	dat/artery/artery_cell_state_markers.gmt	dat/artery/artery_cell_state_markers.xlsx	process_gradient	artery_mature_nk_t_cell_interferon_response_nk_t_cell	Interferon response nk t cell	artery	Artery
false	mature_nk_t_cell	Mature NK T cell	Resting/memory T-like component of the mature NK/T compartment.	2026-05-26	Resting memory t cell like	Depuydt et al. 2023 Nat Cardiovasc Res, plaque TCR-seq and effector T-cell states; Saigusa et al. 2020 Nat Rev Cardiol, T cell subsets and functions in atherosclerosis	needs_review	false	false	reviewed	10	1	portal_default	within_tissue_cell_type	Resting memory t cell like is a curated marker panel for Mature NK T cell in Artery. The biological interpretation needs review or more specific annotation.	dat/artery/artery_cell_state_markers.gmt	dat/artery/artery_cell_state_markers.xlsx	unknown	artery_mature_nk_t_cell_resting_memory_t_cell_like	Resting memory t cell like	artery	Artery
false	pericyte	Pericyte	Remodeling/fibrotic pericyte-like program; overlaps fibroblast and SMC matrix remodeling.	2026-05-26	Activated remodeling pericyte	Barnett et al. 2024 Nat Med, organotypic atlas of human vascular cells; Traeuble et al. 2025 Nat Commun, integrated single-cell atlas of human atherosclerotic plaques	continuous_gradient	false	false	reviewed	10	1	portal_flagged	within_tissue_cell_type	Activated remodeling pericyte captures remodeling, extracellular matrix, or transition-like activity in Pericyte.	dat/artery/artery_cell_state_markers.gmt	dat/artery/artery_cell_state_markers.xlsx	process_gradient	artery_pericyte_activated_remodeling_pericyte	Activated remodeling pericyte	artery	Artery
false	pericyte	Pericyte	Pericyte support program for basement membrane, vessel stabilization, and angiogenic support.	2026-05-26	Basement membrane angiogenic support pericyte	Barnett et al. 2024 Nat Med, organotypic atlas of human vascular cells	continuous_gradient	false	false	reviewed	10	1	portal_default	within_tissue_cell_type	Basement membrane angiogenic support pericyte captures angiogenic or vascular remodeling activity.	dat/artery/artery_cell_state_markers.gmt	dat/artery/artery_cell_state_markers.xlsx	process_gradient	artery_pericyte_basement_membrane_angiogenic_support_pericyte	Basement membrane angiogenic support pericyte	artery	Artery
false	pericyte	Pericyte	Canonical pericyte/mural identity markers; ABCC9, KCNJ8 and RGS5 emphasized in human vascular atlas.	2026-05-26	Capillary pericyte identity	Barnett et al. 2024 Nat Med, organotypic atlas of human vascular cells	continuous_gradient	false	false	reviewed	10	1	portal_default	within_tissue_cell_type	Capillary pericyte identity represents a curated identity or subtype marker program within Pericyte.	dat/artery/artery_cell_state_markers.gmt	dat/artery/artery_cell_state_markers.xlsx	broad_identity_gradient	artery_pericyte_capillary_pericyte_identity	Capillary pericyte identity	artery	Artery
false	pericyte	Pericyte	Intermediate mural state with both pericyte and VSMC features.	2026-05-26	Smc pericyte intermediate	Barnett et al. 2024 Nat Med, organotypic atlas of human vascular cells	needs_review	false	false	reviewed	10	1	portal_default	within_tissue_cell_type	Smc pericyte intermediate is a curated marker panel for Pericyte in Artery. The biological interpretation needs review or more specific annotation.	dat/artery/artery_cell_state_markers.gmt	dat/artery/artery_cell_state_markers.xlsx	unknown	artery_pericyte_smc_pericyte_intermediate	Smc pericyte intermediate	artery	Artery
false	smc	SMC	Artery/aorta/coronary mural wall-structure program from the human vascular atlas.	2026-05-26	Arterial smc wall structure	Barnett et al. 2024 Nat Med, organotypic atlas of human vascular cells	continuous_gradient	false	false	reviewed	10	1	portal_default	within_tissue_cell_type	Arterial smc wall structure represents a curated identity or subtype marker program within SMC.	dat/artery/artery_cell_state_markers.gmt	dat/artery/artery_cell_state_markers.xlsx	broad_identity_gradient	artery_smc_arterial_smc_wall_structure	Arterial smc wall structure	artery	Artery
false	smc	SMC	Canonical differentiated vascular smooth muscle contractile program.	2026-05-26	Contractile smc identity	Barnett et al. 2024 Nat Med, organotypic atlas of human vascular cells; Grootaert et al. 2021 Cardiovasc Res, vascular smooth muscle cells in atherosclerosis	continuous_gradient	false	false	reviewed	10	1	portal_default	within_tissue_cell_type	Contractile smc identity captures a functional activity program in SMC.	dat/artery/artery_cell_state_markers.gmt	dat/artery/artery_cell_state_markers.xlsx	broad_function_gradient	artery_smc_contractile_smc_identity	Contractile smc identity	artery	Artery
false	smc	SMC	Fibromyocyte/myofibroblast-like SMC state; overlaps transcriptionally with fibroblasts.	2026-05-26	Fibromyocyte myofibroblast like smc	Mosquera et al. 2023 Cell Reports, integrative single-cell meta-analysis of human atherosclerosis; Traeuble et al. 2025 Nat Commun, integrated single-cell atlas of human atherosclerotic plaques; Grootaert et al. 2021 Cardiovasc Res, vascular smooth muscle cells in atherosclerosis	continuous_gradient	false	false	reviewed	10	1	portal_default	within_tissue_cell_type	Fibromyocyte myofibroblast like smc captures remodeling, extracellular matrix, or transition-like activity in SMC.	dat/artery/artery_cell_state_markers.gmt	dat/artery/artery_cell_state_markers.xlsx	process_gradient	artery_smc_fibromyocyte_myofibroblast_like_smc	Fibromyocyte myofibroblast like smc	artery	Artery
false	smc	SMC	Accepted SMC switching program but strongly overlaps macrophage/foam-cell markers.	2026-05-26	Macrophage like foam smc	Grootaert et al. 2021 Cardiovasc Res, vascular smooth muscle cells in atherosclerosis; Traeuble et al. 2025 Nat Commun, integrated single-cell atlas of human atherosclerotic plaques	continuous_gradient	false	false	reviewed	10	1	portal_flagged	within_tissue_cell_type	Macrophage like foam smc captures lipid-handling or phagocytic activity often associated with tissue remodeling or disease.	dat/artery/artery_cell_state_markers.gmt	dat/artery/artery_cell_state_markers.xlsx	process_gradient	artery_smc_macrophage_like_foam_smc	Macrophage like foam smc	artery	Artery
false	smc	SMC	Osteochondrogenic/calcifying SMC program; validate against calcified lesion context.	2026-05-26	Osteochondrogenic calcifying smc	Grootaert et al. 2021 Cardiovasc Res, vascular smooth muscle cells in atherosclerosis	needs_review	false	false	reviewed	10	1	portal_default	within_tissue_cell_type	Osteochondrogenic calcifying smc is a curated marker panel for SMC in Artery. The biological interpretation needs review or more specific annotation.	dat/artery/artery_cell_state_markers.gmt	dat/artery/artery_cell_state_markers.xlsx	unknown	artery_smc_osteochondrogenic_calcifying_smc	Osteochondrogenic calcifying smc	artery	Artery
true	smc	SMC	Generic cell-cycle program; useful as a QC/state overlay but not SMC-specific.	2026-05-26	Proliferating smc	Grootaert et al. 2021 Cardiovasc Res, vascular smooth muscle cells in atherosclerosis	continuous_or_hard_callable_if_separable	false	false	reviewed	10	2	portal_flagged	within_tissue_cell_type	Proliferation / cell cycle captures cycling cells using canonical S/G2M and mitotic markers.	dat/artery/artery_cell_state_markers.gmt	dat/artery/artery_cell_state_markers.xlsx	rare_process	artery_smc_proliferating_smc	Proliferating smc	artery	Artery
false	smc	SMC	Phenotypically modulated synthetic SMC program with ECM and remodeling genes.	2026-05-26	Synthetic matrix remodeling smc	Grootaert et al. 2021 Cardiovasc Res, vascular smooth muscle cells in atherosclerosis	continuous_gradient	false	false	reviewed	10	1	portal_default	within_tissue_cell_type	Synthetic matrix remodeling smc captures remodeling, extracellular matrix, or transition-like activity in SMC.	dat/artery/artery_cell_state_markers.gmt	dat/artery/artery_cell_state_markers.xlsx	process_gradient	artery_smc_synthetic_matrix_remodeling_smc	Synthetic matrix remodeling smc	artery	Artery
false	adipocyte	Adipocyte	Thermogenic/beige adipocyte program; may be sparse in heart datasets.	2026-05-26	Beige thermogenic adipocyte	Hu et al. 2023 Nucleic Acids Research, CellMarker 2.0|medium|portal_flagged|https://pmc.ncbi.nlm.nih.gov/articles/PMC9825416/	needs_review	false	false	reviewed	10	1	portal_flagged	within_tissue_cell_type	Beige thermogenic adipocyte is a curated marker panel for Adipocyte in Heart. The biological interpretation needs review or more specific annotation.	dat/heart/heart_cell_state_markers.gmt	dat/heart/heart_cell_state_markers.xlsx	unknown	heart_adipocyte_beige_thermogenic_adipocyte	Beige thermogenic adipocyte	heart	Heart
false	adipocyte	Adipocyte	Inflammatory adipocyte/cytokine response panel.	2026-05-26	Inflammatory adipocyte	Hu et al. 2023 Nucleic Acids Research, CellMarker 2.0|medium|portal_flagged|https://pmc.ncbi.nlm.nih.gov/articles/PMC9825416/	continuous_gradient	false	false	reviewed	10	1	portal_flagged	within_tissue_cell_type	Inflammatory adipocyte represents inflammatory activation in Adipocyte.	dat/heart/heart_cell_state_markers.gmt	dat/heart/heart_cell_state_markers.xlsx	process_gradient	heart_adipocyte_inflammatory_adipocyte	Inflammatory adipocyte	heart	Heart
false	adipocyte	Adipocyte	Mature adipocyte lipid-storage panel.	2026-05-26	Mature lipid storage adipocyte	Hu et al. 2023 Nucleic Acids Research, CellMarker 2.0|high|portal_default|https://pmc.ncbi.nlm.nih.gov/articles/PMC9825416/	continuous_gradient	false	false	reviewed	10	1	portal_default	within_tissue_cell_type	Mature lipid storage adipocyte captures a functional activity program in Adipocyte.	dat/heart/heart_cell_state_markers.gmt	dat/heart/heart_cell_state_markers.xlsx	broad_function_gradient	heart_adipocyte_mature_lipid_storage_adipocyte	Mature lipid storage adipocyte	heart	Heart
false	atrial_cardiomyocyte	Atrial cardiomyocyte	Core atrial cardiomyocyte identity and sarcomere genes.	2026-05-26	Atrial contractile identity	Litvinukova et al. 2020 Nature, Cells of the adult human heart|high|portal_default|https://www.nature.com/articles/s41586-020-2797-4	continuous_gradient	false	false	reviewed	10	1	portal_default	within_tissue_cell_type	Atrial contractile identity captures a functional activity program in Atrial cardiomyocyte.	dat/heart/heart_cell_state_markers.gmt	dat/heart/heart_cell_state_markers.xlsx	broad_function_gradient	heart_atrial_cardiomyocyte_atrial_contractile_identity	Atrial contractile identity	heart	Heart
false	atrial_cardiomyocyte	Atrial cardiomyocyte	Atrial ion-channel and conduction-related marker panel.	2026-05-26	Atrial electrophysiology	Litvinukova et al. 2020 Nature, Cells of the adult human heart|medium|portal_default|https://www.nature.com/articles/s41586-020-2797-4	continuous_gradient	false	false	reviewed	10	1	portal_default	within_tissue_cell_type	Atrial electrophysiology captures a functional activity program in Atrial cardiomyocyte.	dat/heart/heart_cell_state_markers.gmt	dat/heart/heart_cell_state_markers.xlsx	broad_function_gradient	heart_atrial_cardiomyocyte_atrial_electrophysiology	Atrial electrophysiology	heart	Heart
false	atrial_cardiomyocyte	Atrial cardiomyocyte	Atrial natriuretic/endocrine program; may overlap with chamber identity and stress.	2026-05-26	Atrial endocrine secretory	Litvinukova et al. 2020 Nature, Cells of the adult human heart|medium|portal_flagged|https://www.nature.com/articles/s41586-020-2797-4	continuous_gradient	false	false	reviewed	10	1	portal_flagged	within_tissue_cell_type	Atrial endocrine secretory captures a functional activity program in Atrial cardiomyocyte.	dat/heart/heart_cell_state_markers.gmt	dat/heart/heart_cell_state_markers.xlsx	broad_function_gradient	heart_atrial_cardiomyocyte_atrial_endocrine_secretory	Atrial endocrine secretory	heart	Heart
false	atrial_cardiomyocyte	Atrial cardiomyocyte	Remodeling/stress genes adapted for atrial cardiomyocytes; interpret with disease and chamber context.	2026-05-26	Disease associated atrial remodeling	Koenig et al. 2022 Nature Cardiovascular Research, human heart failure single-cell transcriptomics|high|portal_flagged|https://www.nature.com/articles/s44161-022-00028-6	continuous_gradient	false	false	reviewed	10	1	portal_flagged	within_tissue_cell_type	Disease associated atrial remodeling captures remodeling, extracellular matrix, or transition-like activity in Atrial cardiomyocyte.	dat/heart/heart_cell_state_markers.gmt	dat/heart/heart_cell_state_markers.xlsx	process_gradient	heart_atrial_cardiomyocyte_disease_associated_atrial_remodeling	Disease associated atrial remodeling	heart	Heart
false	b_cell	B cell	Activated antigen-presenting B cell panel.	2026-05-26	Activated antigen presenting b cell	Hu et al. 2023 Nucleic Acids Research, CellMarker 2.0|medium|portal_flagged|https://pmc.ncbi.nlm.nih.gov/articles/PMC9825416/	continuous_gradient	false	false	reviewed	10	1	portal_flagged	within_tissue_cell_type	Interferon / MHC response captures inflammatory, antiviral, and antigen-presentation activity within the parent cell type.	dat/heart/heart_cell_state_markers.gmt	dat/heart/heart_cell_state_markers.xlsx	process_gradient	heart_b_cell_activated_antigen_presenting_b_cell	Activated antigen presenting b cell	heart	Heart
false	b_cell	B cell	Naive/memory B cell panel.	2026-05-26	Naive memory b cell	Hu et al. 2023 Nucleic Acids Research, CellMarker 2.0|high|portal_default|https://pmc.ncbi.nlm.nih.gov/articles/PMC9825416/	needs_review	false	false	reviewed	10	1	portal_default	within_tissue_cell_type	Naive memory b cell is a curated marker panel for B cell in Heart. The biological interpretation needs review or more specific annotation.	dat/heart/heart_cell_state_markers.gmt	dat/heart/heart_cell_state_markers.xlsx	unknown	heart_b_cell_naive_memory_b_cell	Naive memory b cell	heart	Heart
false	b_cell	B cell	Plasma-cell check panel; included as QC for B-cell compartment.	2026-05-26	Plasma cell qc	Hu et al. 2023 Nucleic Acids Research, CellMarker 2.0|medium|qc_only|https://pmc.ncbi.nlm.nih.gov/articles/PMC9825416/	needs_review	false	false	reviewed	10	1	qc_only	within_tissue_cell_type	Plasma cell qc is a curated marker panel for B cell in Heart. The biological interpretation needs review or more specific annotation.	dat/heart/heart_cell_state_markers.gmt	dat/heart/heart_cell_state_markers.xlsx	unknown	heart_b_cell_plasma_cell_qc	Plasma cell qc	heart	Heart
false	dendritic_cell	Dendritic cell	Conventional DC1-like marker panel; may be rare in heart maps.	2026-05-26	CDC1 identity	Hu et al. 2023 Nucleic Acids Research, CellMarker 2.0|medium|portal_default|https://pmc.ncbi.nlm.nih.gov/articles/PMC9825416/	continuous_gradient	false	false	reviewed	10	1	portal_default	within_tissue_cell_type	CDC1 identity represents a curated identity or subtype marker program within Dendritic cell.	dat/heart/heart_cell_state_markers.gmt	dat/heart/heart_cell_state_markers.xlsx	broad_identity_gradient	heart_dendritic_cell_cdc1_identity	CDC1 identity	heart	Heart
false	dendritic_cell	Dendritic cell	Conventional DC2-like marker panel.	2026-05-26	CDC2 identity	Koenig et al. 2022 Nature Cardiovascular Research, human heart failure single-cell transcriptomics|high|portal_default|https://www.nature.com/articles/s44161-022-00028-6	continuous_gradient	false	false	reviewed	10	1	portal_default	within_tissue_cell_type	CDC2 identity represents a curated identity or subtype marker program within Dendritic cell.	dat/heart/heart_cell_state_markers.gmt	dat/heart/heart_cell_state_markers.xlsx	broad_identity_gradient	heart_dendritic_cell_cdc2_identity	CDC2 identity	heart	Heart
false	dendritic_cell	Dendritic cell	Mature/migratory DC activation panel.	2026-05-26	Mature migratory dendritic cell	Hu et al. 2023 Nucleic Acids Research, CellMarker 2.0|medium|portal_flagged|https://pmc.ncbi.nlm.nih.gov/articles/PMC9825416/	needs_review	false	false	reviewed	10	1	portal_flagged	within_tissue_cell_type	Mature migratory dendritic cell is a curated marker panel for Dendritic cell in Heart. The biological interpretation needs review or more specific annotation.	dat/heart/heart_cell_state_markers.gmt	dat/heart/heart_cell_state_markers.xlsx	unknown	heart_dendritic_cell_mature_migratory_dendritic_cell	Mature migratory dendritic cell	heart	Heart
false	dendritic_cell	Dendritic cell	pDC check panel; included as QC because the input label is generic dendritic cell.	2026-05-26	Plasmacytoid dendritic cell qc	Hu et al. 2023 Nucleic Acids Research, CellMarker 2.0|medium|qc_only|https://pmc.ncbi.nlm.nih.gov/articles/PMC9825416/	needs_review	false	false	reviewed	10	1	qc_only	within_tissue_cell_type	Plasmacytoid dendritic cell qc is a curated marker panel for Dendritic cell in Heart. The biological interpretation needs review or more specific annotation.	dat/heart/heart_cell_state_markers.gmt	dat/heart/heart_cell_state_markers.xlsx	unknown	heart_dendritic_cell_plasmacytoid_dendritic_cell_qc	Plasmacytoid dendritic cell qc	heart	Heart
false	endocardial_cell	Endocardial cell	DCM-associated endocardial shift reported in human heart failure atlas.	2026-05-26	Disease associated nrg1 endocardial	Koenig et al. 2022 Nature Cardiovascular Research, human heart failure single-cell transcriptomics|high|portal_flagged|https://www.nature.com/articles/s44161-022-00028-6	needs_review	false	false	reviewed	10	1	portal_flagged	within_tissue_cell_type	Disease associated nrg1 endocardial is a curated marker panel for Endocardial cell in Heart. The biological interpretation needs review or more specific annotation.	dat/heart/heart_cell_state_markers.gmt	dat/heart/heart_cell_state_markers.xlsx	unknown	heart_endocardial_cell_disease_associated_nrg1_endocardial	Disease associated nrg1 endocardial	heart	Heart
false	endocardial_cell	Endocardial cell	Endocardial/atria-enriched endothelial identity panel.	2026-05-26	Endocardial identity	Litvinukova et al. 2020 Nature, Cells of the adult human heart|medium|portal_default|https://www.nature.com/articles/s41586-020-2797-4	continuous_gradient	false	false	reviewed	10	1	portal_default	within_tissue_cell_type	Endocardial identity represents a curated identity or subtype marker program within Endocardial cell.	dat/heart/heart_cell_state_markers.gmt	dat/heart/heart_cell_state_markers.xlsx	broad_identity_gradient	heart_endocardial_cell_endocardial_identity	Endocardial identity	heart	Heart
false	endocardial_cell	Endocardial cell	EndoMT-like marker panel; should be treated as a process signature, not a definitive lineage call.	2026-05-26	Endothelial to mesenchymal like	Kuppe et al. 2022 Nature, spatial multi-omic map of human myocardial infarction|medium|portal_flagged|https://www.nature.com/articles/s41586-022-05060-x	needs_review	false	false	reviewed	10	1	portal_flagged	within_tissue_cell_type	Endothelial to mesenchymal like is a curated marker panel for Endocardial cell in Heart. The biological interpretation needs review or more specific annotation.	dat/heart/heart_cell_state_markers.gmt	dat/heart/heart_cell_state_markers.xlsx	unknown	heart_endocardial_cell_endothelial_to_mesenchymal_like	Endothelial to mesenchymal like	heart	Heart
false	endothelial	Endothelial	Angiogenic/remodeling EC program; context dependent.	2026-05-26	Angiogenic remodeling endothelial	Kuppe et al. 2022 Nature, spatial multi-omic map of human myocardial infarction|medium|portal_flagged|https://www.nature.com/articles/s41586-022-05060-x	continuous_gradient	false	false	reviewed	10	1	portal_flagged	within_tissue_cell_type	Angiogenic remodeling endothelial captures remodeling, extracellular matrix, or transition-like activity in Endothelial.	dat/heart/heart_cell_state_markers.gmt	dat/heart/heart_cell_state_markers.xlsx	process_gradient	heart_endothelial_angiogenic_remodeling_endothelial	Angiogenic remodeling endothelial	heart	Heart
false	endothelial	Endothelial	Arterial EC panel.	2026-05-26	Arterial endothelial	Litvinukova et al. 2020 Nature, Cells of the adult human heart|high|portal_default|https://www.nature.com/articles/s41586-020-2797-4	continuous_gradient	false	false	reviewed	10	1	portal_default	within_tissue_cell_type	Arterial endothelial represents a curated identity or subtype marker program within Endothelial.	dat/heart/heart_cell_state_markers.gmt	dat/heart/heart_cell_state_markers.xlsx	broad_identity_gradient	heart_endothelial_arterial_endothelial	Arterial endothelial	heart	Heart
false	endothelial	Endothelial	Capillary EC identity panel, including cardiac capillary markers.	2026-05-26	Capillary endothelial	Litvinukova et al. 2020 Nature, Cells of the adult human heart|high|portal_default|https://www.nature.com/articles/s41586-020-2797-4	continuous_gradient	false	false	reviewed	10	1	portal_default	within_tissue_cell_type	Capillary endothelial represents a curated identity or subtype marker program within Endothelial.	dat/heart/heart_cell_state_markers.gmt	dat/heart/heart_cell_state_markers.xlsx	broad_identity_gradient	heart_endothelial_capillary_endothelial	Capillary endothelial	heart	Heart
false	endothelial	Endothelial	Immune/inflammatory EC program; validate against inflammation and batch covariates.	2026-05-26	Immune inflammatory endothelial	Litvinukova et al. 2020 Nature, Cells of the adult human heart|high|portal_flagged|https://www.nature.com/articles/s41586-020-2797-4	continuous_gradient	false	false	reviewed	10	1	portal_flagged	within_tissue_cell_type	Immune inflammatory endothelial represents inflammatory activation in Endothelial.	dat/heart/heart_cell_state_markers.gmt	dat/heart/heart_cell_state_markers.xlsx	process_gradient	heart_endothelial_immune_inflammatory_endothelial	Immune inflammatory endothelial	heart	Heart
false	endothelial	Endothelial	Venous EC panel.	2026-05-26	Venous endothelial	Litvinukova et al. 2020 Nature, Cells of the adult human heart|high|portal_default|https://www.nature.com/articles/s41586-020-2797-4	continuous_gradient	false	false	reviewed	10	1	portal_default	within_tissue_cell_type	Venous endothelial represents a curated identity or subtype marker program within Endothelial.	dat/heart/heart_cell_state_markers.gmt	dat/heart/heart_cell_state_markers.xlsx	broad_identity_gradient	heart_endothelial_venous_endothelial	Venous endothelial	heart	Heart
false	epicardial_cell	Epicardial cell	Activated/EMT-like epicardial repair program; not a definitive lineage transition marker.	2026-05-26	Activated epicardial emt like	Kuppe et al. 2022 Nature, spatial multi-omic map of human myocardial infarction|medium|portal_flagged|https://www.nature.com/articles/s41586-022-05060-x	continuous_gradient	false	false	reviewed	10	1	portal_flagged	within_tissue_cell_type	Activated epicardial emt like captures remodeling, extracellular matrix, or transition-like activity in Epicardial cell.	dat/heart/heart_cell_state_markers.gmt	dat/heart/heart_cell_state_markers.xlsx	process_gradient	heart_epicardial_cell_activated_epicardial_emt_like	Activated epicardial emt like	heart	Heart
false	epicardial_cell	Epicardial cell	Epicardial/mesothelial identity panel.	2026-05-26	Epicardial mesothelial identity	Litvinukova et al. 2020 Nature, Cells of the adult human heart|high|portal_default|https://www.nature.com/articles/s41586-020-2797-4	continuous_gradient	false	false	reviewed	10	1	portal_default	within_tissue_cell_type	Epicardial mesothelial identity represents a curated identity or subtype marker program within Epicardial cell.	dat/heart/heart_cell_state_markers.gmt	dat/heart/heart_cell_state_markers.xlsx	broad_identity_gradient	heart_epicardial_cell_epicardial_mesothelial_identity	Epicardial mesothelial identity	heart	Heart
false	epicardial_cell	Epicardial cell	Serosal/mesothelial secretory epithelial-like panel.	2026-05-26	Secretory serosal epicardial	Hu et al. 2023 Nucleic Acids Research, CellMarker 2.0|medium|portal_default|https://pmc.ncbi.nlm.nih.gov/articles/PMC9825416/	continuous_gradient	false	false	reviewed	10	1	portal_default	within_tissue_cell_type	Secretory serosal epicardial captures a functional activity program in Epicardial cell.	dat/heart/heart_cell_state_markers.gmt	dat/heart/heart_cell_state_markers.xlsx	broad_function_gradient	heart_epicardial_cell_secretory_serosal_epicardial	Secretory serosal epicardial	heart	Heart
false	fibroblast	Fibroblast	Activated fibrotic/myofibroblast program; disease and wound-repair context dependent.	2026-05-26	Activated myofibroblast	Koenig et al. 2022 Nature Cardiovascular Research, human heart failure single-cell transcriptomics|high|portal_flagged|https://www.nature.com/articles/s44161-022-00028-6	continuous_gradient	false	false	reviewed	10	1	portal_flagged	within_tissue_cell_type	Activated myofibroblast captures remodeling, extracellular matrix, or transition-like activity in Fibroblast.	dat/heart/heart_cell_state_markers.gmt	dat/heart/heart_cell_state_markers.xlsx	process_gradient	heart_fibroblast_activated_myofibroblast	Activated myofibroblast	heart	Heart
false	fibroblast	Fibroblast	Non-failing donor-enriched fibroblast subprogram reported in human heart failure atlas.	2026-05-26	Donor control gpx3 pla2g2a fibroblast	Koenig et al. 2022 Nature Cardiovascular Research, human heart failure single-cell transcriptomics|medium|portal_default|https://www.nature.com/articles/s44161-022-00028-6	needs_review	false	false	reviewed	10	1	portal_default	within_tissue_cell_type	Donor control gpx3 pla2g2a fibroblast is a curated marker panel for Fibroblast in Heart. The biological interpretation needs review or more specific annotation.	dat/heart/heart_cell_state_markers.gmt	dat/heart/heart_cell_state_markers.xlsx	unknown	heart_fibroblast_donor_control_gpx3_pla2g2a_fibroblast	Donor control gpx3 pla2g2a fibroblast	heart	Heart
false	fibroblast	Fibroblast	Inflammatory fibroblast program; can overlap with dissociation and cytokine response.	2026-05-26	Inflammatory fibroblast	Koenig et al. 2022 Nature Cardiovascular Research, human heart failure single-cell transcriptomics|high|portal_flagged|https://www.nature.com/articles/s44161-022-00028-6	continuous_gradient	false	false	reviewed	10	1	portal_flagged	within_tissue_cell_type	Inflammatory fibroblast represents inflammatory activation in Fibroblast.	dat/heart/heart_cell_state_markers.gmt	dat/heart/heart_cell_state_markers.xlsx	process_gradient	heart_fibroblast_inflammatory_fibroblast	Inflammatory fibroblast	heart	Heart
false	fibroblast	Fibroblast	ECM-organizing and scar-associated fibroblast-like program.	2026-05-26	Matrifibrocyte ecm organizing	Kuppe et al. 2022 Nature, spatial multi-omic map of human myocardial infarction|medium|portal_flagged|https://www.nature.com/articles/s41586-022-05060-x	needs_review	false	false	reviewed	10	1	portal_flagged	within_tissue_cell_type	Matrifibrocyte ecm organizing is a curated marker panel for Fibroblast in Heart. The biological interpretation needs review or more specific annotation.	dat/heart/heart_cell_state_markers.gmt	dat/heart/heart_cell_state_markers.xlsx	unknown	heart_fibroblast_matrifibrocyte_ecm_organizing	Matrifibrocyte ecm organizing	heart	Heart
false	fibroblast	Fibroblast	Perivascular/adventitial-like fibroblast program; cross-check against vascular and adipose stromal cells.	2026-05-26	Perivascular adventitial fibroblast	Litvinukova et al. 2020 Nature, Cells of the adult human heart|medium|portal_default|https://www.nature.com/articles/s41586-020-2797-4	needs_review	false	false	reviewed	10	1	portal_default	within_tissue_cell_type	Perivascular adventitial fibroblast is a curated marker panel for Fibroblast in Heart. The biological interpretation needs review or more specific annotation.	dat/heart/heart_cell_state_markers.gmt	dat/heart/heart_cell_state_markers.xlsx	unknown	heart_fibroblast_perivascular_adventitial_fibroblast	Perivascular adventitial fibroblast	heart	Heart
false	fibroblast	Fibroblast	Conservative cardiac fibroblast identity panel.	2026-05-26	Resident cardiac fibroblast	Litvinukova et al. 2020 Nature, Cells of the adult human heart|high|portal_default|https://www.nature.com/articles/s41586-020-2797-4	continuous_gradient	false	false	reviewed	10	1	portal_default	within_tissue_cell_type	Resident cardiac fibroblast represents a curated identity or subtype marker program within Fibroblast.	dat/heart/heart_cell_state_markers.gmt	dat/heart/heart_cell_state_markers.xlsx	broad_identity_gradient	heart_fibroblast_resident_cardiac_fibroblast	Resident cardiac fibroblast	heart	Heart
false	lec	LEC	CCL21-positive lymphatic program; interpret with lymphatic structure and sampling context.	2026-05-26	Ccl21 collecting lymphatic	Koenig et al. 2022 Nature Cardiovascular Research, human heart failure single-cell transcriptomics|medium|portal_default|https://www.nature.com/articles/s44161-022-00028-6	needs_review	false	false	reviewed	10	1	portal_default	within_tissue_cell_type	Ccl21 collecting lymphatic is a curated marker panel for LEC in Heart. The biological interpretation needs review or more specific annotation.	dat/heart/heart_cell_state_markers.gmt	dat/heart/heart_cell_state_markers.xlsx	unknown	heart_lec_ccl21_collecting_lymphatic	Ccl21 collecting lymphatic	heart	Heart
false	lec	LEC	Inflammatory lymphatic program; generic activation markers included.	2026-05-26	Inflammatory lymphatic endothelial	Koenig et al. 2022 Nature Cardiovascular Research, human heart failure single-cell transcriptomics|medium|portal_flagged|https://www.nature.com/articles/s44161-022-00028-6	continuous_gradient	false	false	reviewed	10	1	portal_flagged	within_tissue_cell_type	Inflammatory lymphatic endothelial represents inflammatory activation in LEC.	dat/heart/heart_cell_state_markers.gmt	dat/heart/heart_cell_state_markers.xlsx	process_gradient	heart_lec_inflammatory_lymphatic_endothelial	Inflammatory lymphatic endothelial	heart	Heart
false	lec	LEC	Lymphatic endothelial identity panel.	2026-05-26	Lymphatic endothelial identity	Litvinukova et al. 2020 Nature, Cells of the adult human heart|high|portal_default|https://www.nature.com/articles/s41586-020-2797-4	continuous_gradient	false	false	reviewed	10	1	portal_default	within_tissue_cell_type	Lymphatic endothelial identity represents a curated identity or subtype marker program within LEC.	dat/heart/heart_cell_state_markers.gmt	dat/heart/heart_cell_state_markers.xlsx	broad_identity_gradient	heart_lec_lymphatic_endothelial_identity	Lymphatic endothelial identity	heart	Heart
false	macrophage	Macrophage	Antigen-presentation program; could reflect macrophage activation or DC-like contamination.	2026-05-26	Antigen presenting macrophage	Koenig et al. 2022 Nature Cardiovascular Research, human heart failure single-cell transcriptomics|high|portal_flagged|https://www.nature.com/articles/s44161-022-00028-6	continuous_gradient	false	false	reviewed	10	1	portal_flagged	within_tissue_cell_type	Interferon / MHC response captures inflammatory, antiviral, and antigen-presentation activity within the parent cell type.	dat/heart/heart_cell_state_markers.gmt	dat/heart/heart_cell_state_markers.xlsx	process_gradient	heart_macrophage_antigen_presenting_macrophage	Antigen presenting macrophage	heart	Heart
false	macrophage	Macrophage	Inflammatory monocyte-derived macrophage program.	2026-05-26	Inflammatory monocyte derived macrophage	Koenig et al. 2022 Nature Cardiovascular Research, human heart failure single-cell transcriptomics|high|portal_flagged|https://www.nature.com/articles/s44161-022-00028-6	continuous_gradient	false	false	reviewed	10	1	portal_flagged	within_tissue_cell_type	Inflammatory monocyte derived macrophage represents inflammatory activation in Macrophage.	dat/heart/heart_cell_state_markers.gmt	dat/heart/heart_cell_state_markers.xlsx	process_gradient	heart_macrophage_inflammatory_monocyte_derived_macrophage	Inflammatory monocyte derived macrophage	heart	Heart
false	macrophage	Macrophage	Generic type-I interferon response panel.	2026-05-26	Interferon response macrophage	Hu et al. 2023 Nucleic Acids Research, CellMarker 2.0|medium|portal_flagged|https://pmc.ncbi.nlm.nih.gov/articles/PMC9825416/	continuous_gradient	false	false	reviewed	10	2	portal_flagged	within_tissue_cell_type	Interferon / MHC response captures inflammatory, antiviral, and antigen-presentation activity within the parent cell type.	dat/heart/heart_cell_state_markers.gmt	dat/heart/heart_cell_state_markers.xlsx	process_gradient	heart_macrophage_interferon_response_macrophage	Interferon response macrophage	heart	Heart
false	macrophage	Macrophage	Resident cardiac macrophage panel.	2026-05-26	Resident lyve1 folr2 macrophage	Litvinukova et al. 2020 Nature, Cells of the adult human heart|high|portal_default|https://www.nature.com/articles/s41586-020-2797-4	continuous_gradient	false	false	reviewed	10	1	portal_default	within_tissue_cell_type	Resident lyve1 folr2 macrophage represents a curated identity or subtype marker program within Macrophage.	dat/heart/heart_cell_state_markers.gmt	dat/heart/heart_cell_state_markers.xlsx	broad_identity_gradient	heart_macrophage_resident_lyve1_folr2_macrophage	Resident lyve1 folr2 macrophage	heart	Heart
false	macrophage	Macrophage	TREM2/lipid-associated macrophage program in diseased or remodeling myocardium.	2026-05-26	Trem2 lipid scar macrophage	Koenig et al. 2022 Nature Cardiovascular Research, human heart failure single-cell transcriptomics|medium|portal_flagged|https://www.nature.com/articles/s44161-022-00028-6	continuous_gradient	false	false	reviewed	10	1	portal_flagged	within_tissue_cell_type	Trem2 lipid scar macrophage captures lipid-handling or phagocytic activity often associated with tissue remodeling or disease.	dat/heart/heart_cell_state_markers.gmt	dat/heart/heart_cell_state_markers.xlsx	process_gradient	heart_macrophage_trem2_lipid_scar_macrophage	Trem2 lipid scar macrophage	heart	Heart
false	mast_cell	Mast cell	Mast-cell activation/inflammatory panel.	2026-05-26	Activated mast cell	Cell Signaling Technology human immune cell marker guide|medium|portal_flagged|https://www.cellsignal.com/pathways/immune-cell-markers-human	needs_review	false	false	reviewed	10	1	portal_flagged	within_tissue_cell_type	Activated mast cell is a curated marker panel for Mast cell in Heart. The biological interpretation needs review or more specific annotation.	dat/heart/heart_cell_state_markers.gmt	dat/heart/heart_cell_state_markers.xlsx	unknown	heart_mast_cell_activated_mast_cell	Activated mast cell	heart	Heart
false	mast_cell	Mast cell	Mast-cell identity panel.	2026-05-26	Resting connective tissue mast cell	Hu et al. 2023 Nucleic Acids Research, CellMarker 2.0|high|portal_default|https://pmc.ncbi.nlm.nih.gov/articles/PMC9825416/	needs_review	false	false	reviewed	10	1	portal_default	within_tissue_cell_type	Resting connective tissue mast cell is a curated marker panel for Mast cell in Heart. The biological interpretation needs review or more specific annotation.	dat/heart/heart_cell_state_markers.gmt	dat/heart/heart_cell_state_markers.xlsx	unknown	heart_mast_cell_resting_connective_tissue_mast_cell	Resting connective tissue mast cell	heart	Heart
false	neuron	Neuron	Peripheral/autonomic neuron identity panel.	2026-05-26	Autonomic neuron identity	Moss et al. 2021 intrinsic cardiac ganglion single-cell transcriptomics|medium|portal_default|https://pmc.ncbi.nlm.nih.gov/articles/PMC8324809/	continuous_gradient	false	false	reviewed	10	1	portal_default	within_tissue_cell_type	Autonomic neuron identity represents a curated identity or subtype marker program within Neuron.	dat/heart/heart_cell_state_markers.gmt	dat/heart/heart_cell_state_markers.xlsx	broad_identity_gradient	heart_neuron_autonomic_neuron_identity	Autonomic neuron identity	heart	Heart
false	neuron	Neuron	Parasympathetic/cholinergic neuron panel.	2026-05-26	Parasympathetic cholinergic neuron	Moss et al. 2021 intrinsic cardiac ganglion single-cell transcriptomics|medium|portal_default|https://pmc.ncbi.nlm.nih.gov/articles/PMC8324809/	needs_review	false	false	reviewed	10	1	portal_default	within_tissue_cell_type	Parasympathetic cholinergic neuron is a curated marker panel for Neuron in Heart. The biological interpretation needs review or more specific annotation.	dat/heart/heart_cell_state_markers.gmt	dat/heart/heart_cell_state_markers.xlsx	unknown	heart_neuron_parasympathetic_cholinergic_neuron	Parasympathetic cholinergic neuron	heart	Heart
false	neuron	Neuron	Peripheral glial/Schwann check panel; input label is neuron, so use as QC.	2026-05-26	Peripheral glial schwann qc	Hu et al. 2023 Nucleic Acids Research, CellMarker 2.0|medium|qc_only|https://pmc.ncbi.nlm.nih.gov/articles/PMC9825416/	needs_review	false	false	reviewed	10	1	qc_only	within_tissue_cell_type	Peripheral glial schwann qc is a curated marker panel for Neuron in Heart. The biological interpretation needs review or more specific annotation.	dat/heart/heart_cell_state_markers.gmt	dat/heart/heart_cell_state_markers.xlsx	unknown	heart_neuron_peripheral_glial_schwann_qc	Peripheral glial schwann qc	heart	Heart
false	neuron	Neuron	Sympathetic adrenergic neuron panel.	2026-05-26	Sympathetic adrenergic neuron	Moss et al. 2021 intrinsic cardiac ganglion single-cell transcriptomics|medium|portal_default|https://pmc.ncbi.nlm.nih.gov/articles/PMC8324809/	needs_review	false	false	reviewed	10	1	portal_default	within_tissue_cell_type	Sympathetic adrenergic neuron is a curated marker panel for Neuron in Heart. The biological interpretation needs review or more specific annotation.	dat/heart/heart_cell_state_markers.gmt	dat/heart/heart_cell_state_markers.xlsx	unknown	heart_neuron_sympathetic_adrenergic_neuron	Sympathetic adrenergic neuron	heart	Heart
true	nk_cell	NK cell	Generic cell-cycle panel for NK cells.	2026-05-26	Cycling nk cell	Hu et al. 2023 Nucleic Acids Research, CellMarker 2.0|high|portal_flagged|https://pmc.ncbi.nlm.nih.gov/articles/PMC9825416/	continuous_or_hard_callable_if_separable	false	false	reviewed	10	2	portal_flagged	within_tissue_cell_type	Proliferation / cell cycle captures cycling cells using canonical S/G2M and mitotic markers.	dat/heart/heart_cell_state_markers.gmt	dat/heart/heart_cell_state_markers.xlsx	rare_process	heart_nk_cell_cycling_nk_cell	Cycling nk cell	heart	Heart
false	nk_cell	NK cell	Cytotoxic NK cell panel.	2026-05-26	Cytotoxic nk cell	Hu et al. 2023 Nucleic Acids Research, CellMarker 2.0|high|portal_default|https://pmc.ncbi.nlm.nih.gov/articles/PMC9825416/	needs_review	false	false	reviewed	10	1	portal_default	within_tissue_cell_type	Cytotoxic nk cell is a curated marker panel for NK cell in Heart. The biological interpretation needs review or more specific annotation.	dat/heart/heart_cell_state_markers.gmt	dat/heart/heart_cell_state_markers.xlsx	unknown	heart_nk_cell_cytotoxic_nk_cell	Cytotoxic nk cell	heart	Heart
false	nk_cell	NK cell	Tissue-resident/activated NK-like panel; heart specificity should be validated.	2026-05-26	Tissue resident activated nk cell	Hu et al. 2023 Nucleic Acids Research, CellMarker 2.0|medium|portal_default|https://pmc.ncbi.nlm.nih.gov/articles/PMC9825416/	continuous_gradient	false	false	reviewed	10	1	portal_default	within_tissue_cell_type	Tissue resident activated nk cell represents a curated identity or subtype marker program within NK cell.	dat/heart/heart_cell_state_markers.gmt	dat/heart/heart_cell_state_markers.xlsx	broad_identity_gradient	heart_nk_cell_tissue_resident_activated_nk_cell	Tissue resident activated nk cell	heart	Heart
false	pericyte	Pericyte	Core cardiac pericyte and mural-cell markers.	2026-05-26	Pericyte identity	Litvinukova et al. 2020 Nature, Cells of the adult human heart|high|portal_default|https://www.nature.com/articles/s41586-020-2797-4	continuous_gradient	false	false	reviewed	10	1	portal_default	within_tissue_cell_type	Pericyte identity represents a curated identity or subtype marker program within Pericyte.	dat/heart/heart_cell_state_markers.gmt	dat/heart/heart_cell_state_markers.xlsx	broad_identity_gradient	heart_pericyte_pericyte_identity	Pericyte identity	heart	Heart
false	pericyte	Pericyte	Stress/inflammatory pericyte response; validate against ischemia and dissociation.	2026-05-26	Stress inflammatory pericyte	Koenig et al. 2022 Nature Cardiovascular Research, human heart failure single-cell transcriptomics|medium|portal_flagged|https://www.nature.com/articles/s44161-022-00028-6	continuous_gradient	false	false	reviewed	10	1	portal_flagged	within_tissue_cell_type	Stress inflammatory pericyte represents inflammatory activation in Pericyte.	dat/heart/heart_cell_state_markers.gmt	dat/heart/heart_cell_state_markers.xlsx	process_gradient	heart_pericyte_stress_inflammatory_pericyte	Stress inflammatory pericyte	heart	Heart
false	pericyte	Pericyte	Stromal/ECM pericyte-like program; may overlap with fibroblasts.	2026-05-26	Stromal ecm pericyte	Litvinukova et al. 2020 Nature, Cells of the adult human heart|medium|portal_flagged|https://www.nature.com/articles/s41586-020-2797-4	needs_review	false	false	reviewed	10	1	portal_flagged	within_tissue_cell_type	Stromal ecm pericyte is a curated marker panel for Pericyte in Heart. The biological interpretation needs review or more specific annotation.	dat/heart/heart_cell_state_markers.gmt	dat/heart/heart_cell_state_markers.xlsx	unknown	heart_pericyte_stromal_ecm_pericyte	Stromal ecm pericyte	heart	Heart
false	smc	SMC	Arterial SMC program based on higher contractile marker expression and artery-associated signaling.	2026-05-26	Arterial smc	Litvinukova et al. 2020 Nature, Cells of the adult human heart|medium|portal_default|https://www.nature.com/articles/s41586-020-2797-4	continuous_gradient	false	false	reviewed	10	1	portal_default	within_tissue_cell_type	Arterial smc represents a curated identity or subtype marker program within SMC.	dat/heart/heart_cell_state_markers.gmt	dat/heart/heart_cell_state_markers.xlsx	broad_identity_gradient	heart_smc_arterial_smc	Arterial smc	heart	Heart
false	smc	SMC	Contractile vascular smooth-muscle identity panel.	2026-05-26	Contractile smc identity	Litvinukova et al. 2020 Nature, Cells of the adult human heart|high|portal_default|https://www.nature.com/articles/s41586-020-2797-4	continuous_gradient	false	false	reviewed	10	1	portal_default	within_tissue_cell_type	Contractile smc identity captures a functional activity program in SMC.	dat/heart/heart_cell_state_markers.gmt	dat/heart/heart_cell_state_markers.xlsx	broad_function_gradient	heart_smc_contractile_smc_identity	Contractile smc identity	heart	Heart
false	smc	SMC	Synthetic/remodeling SMC-like program; overlaps with fibroblast and scar signatures.	2026-05-26	Synthetic ecm remodeling smc	Kuppe et al. 2022 Nature, spatial multi-omic map of human myocardial infarction|medium|portal_flagged|https://www.nature.com/articles/s41586-022-05060-x	continuous_gradient	false	false	reviewed	10	1	portal_flagged	within_tissue_cell_type	Synthetic ecm remodeling smc captures remodeling, extracellular matrix, or transition-like activity in SMC.	dat/heart/heart_cell_state_markers.gmt	dat/heart/heart_cell_state_markers.xlsx	process_gradient	heart_smc_synthetic_ecm_remodeling_smc	Synthetic ecm remodeling smc	heart	Heart
false	t_cell	T cell	Cytotoxic T cell panel.	2026-05-26	Cytotoxic t cell	Hu et al. 2023 Nucleic Acids Research, CellMarker 2.0|high|portal_default|https://pmc.ncbi.nlm.nih.gov/articles/PMC9825416/	needs_review	false	false	reviewed	10	1	portal_default	within_tissue_cell_type	Cytotoxic t cell is a curated marker panel for T cell in Heart. The biological interpretation needs review or more specific annotation.	dat/heart/heart_cell_state_markers.gmt	dat/heart/heart_cell_state_markers.xlsx	unknown	heart_t_cell_cytotoxic_t_cell	Cytotoxic t cell	heart	Heart
false	t_cell	T cell	Exhaustion/dysfunction panel; context-dependent and can overlap with activation.	2026-05-26	Exhausted dysfunctional t cell	Cell Signaling Technology human immune cell marker guide|medium|portal_flagged|https://www.cellsignal.com/pathways/immune-cell-markers-human	continuous_gradient	false	false	reviewed	10	1	portal_flagged	within_tissue_cell_type	Exhausted dysfunctional t cell captures a functional activity program in T cell.	dat/heart/heart_cell_state_markers.gmt	dat/heart/heart_cell_state_markers.xlsx	broad_function_gradient	heart_t_cell_exhausted_dysfunctional_t_cell	Exhausted dysfunctional t cell	heart	Heart
false	t_cell	T cell	Naive/central-memory T cell panel.	2026-05-26	Naive memory t cell	Hu et al. 2023 Nucleic Acids Research, CellMarker 2.0|high|portal_default|https://pmc.ncbi.nlm.nih.gov/articles/PMC9825416/	needs_review	false	false	reviewed	10	1	portal_default	within_tissue_cell_type	Naive memory t cell is a curated marker panel for T cell in Heart. The biological interpretation needs review or more specific annotation.	dat/heart/heart_cell_state_markers.gmt	dat/heart/heart_cell_state_markers.xlsx	unknown	heart_t_cell_naive_memory_t_cell	Naive memory t cell	heart	Heart
true	t_cell	T cell	Cell-cycle panel; generic and not T-cell-specific.	2026-05-26	Proliferating t cell	Hu et al. 2023 Nucleic Acids Research, CellMarker 2.0|high|portal_flagged|https://pmc.ncbi.nlm.nih.gov/articles/PMC9825416/	continuous_or_hard_callable_if_separable	false	false	reviewed	10	2	portal_flagged	within_tissue_cell_type	Proliferation / cell cycle captures cycling cells using canonical S/G2M and mitotic markers.	dat/heart/heart_cell_state_markers.gmt	dat/heart/heart_cell_state_markers.xlsx	rare_process	heart_t_cell_proliferating_t_cell	Proliferating t cell	heart	Heart
false	t_cell	T cell	Regulatory T cell panel; verify enough cells and expression depth.	2026-05-26	Regulatory t cell	Cell Signaling Technology human immune cell marker guide|medium|portal_default|https://www.cellsignal.com/pathways/immune-cell-markers-human	needs_review	false	false	reviewed	10	1	portal_default	within_tissue_cell_type	Regulatory t cell is a curated marker panel for T cell in Heart. The biological interpretation needs review or more specific annotation.	dat/heart/heart_cell_state_markers.gmt	dat/heart/heart_cell_state_markers.xlsx	unknown	heart_t_cell_regulatory_t_cell	Regulatory t cell	heart	Heart
false	ventricular_cardiomyocyte	Ventricular cardiomyocyte	Conduction-like cardiomyocyte markers; in generic ventricular maps this may represent rare conduction cells or subendocardial signal.	2026-05-26	Conduction like purkinje program	Heart Cell Atlas v2, adult human heart and conduction system resource|medium|portal_flagged|https://www.heartcellatlas.org/	needs_review	false	false	reviewed	10	1	portal_flagged	within_tissue_cell_type	Conduction like purkinje program is a curated marker panel for Ventricular cardiomyocyte in Heart. The biological interpretation needs review or more specific annotation.	dat/heart/heart_cell_state_markers.gmt	dat/heart/heart_cell_state_markers.xlsx	unknown	heart_ventricular_cardiomyocyte_conduction_like_purkinje_program	Conduction like purkinje program	heart	Heart
false	ventricular_cardiomyocyte	Ventricular cardiomyocyte	Heart-failure/remodeling-associated cardiomyocyte program; flagged as disease and stress context dependent.	2026-05-26	Disease associated nppa nppb remodeling	Koenig et al. 2022 Nature Cardiovascular Research, human heart failure single-cell transcriptomics|high|portal_flagged|https://www.nature.com/articles/s44161-022-00028-6	continuous_gradient	false	false	reviewed	10	1	portal_flagged	within_tissue_cell_type	Disease associated nppa nppb remodeling captures remodeling, extracellular matrix, or transition-like activity in Ventricular cardiomyocyte.	dat/heart/heart_cell_state_markers.gmt	dat/heart/heart_cell_state_markers.xlsx	process_gradient	heart_ventricular_cardiomyocyte_disease_associated_nppa_nppb_remodeling	Disease associated nppa nppb remodeling	heart	Heart
false	ventricular_cardiomyocyte	Ventricular cardiomyocyte	Generic stress/injury response; validate against dissociation and ischemic interval covariates.	2026-05-26	Heat shock injury response	Kuppe et al. 2022 Nature, spatial multi-omic map of human myocardial infarction|medium|portal_flagged|https://www.nature.com/articles/s41586-022-05060-x	continuous_gradient	false	false	reviewed	10	1	portal_flagged	within_tissue_cell_type	Heat-shock or immediate-early signatures capture acute stress-response activity that may reflect biology, tissue processing, or dissociation.	dat/heart/heart_cell_state_markers.gmt	dat/heart/heart_cell_state_markers.xlsx	process_gradient	heart_ventricular_cardiomyocyte_heat_shock_injury_response	Heat shock injury response	heart	Heart
false	ventricular_cardiomyocyte	Ventricular cardiomyocyte	Mitochondrial and fatty-acid oxidation program; useful but can reflect technical or metabolic state differences.	2026-05-26	Oxidative energy metabolism	Litvinukova et al. 2020 Nature, Cells of the adult human heart|medium|portal_flagged|https://www.nature.com/articles/s41586-020-2797-4	continuous_gradient	false	false	reviewed	10	2	portal_flagged	within_tissue_cell_type	Oxidative / mitochondrial stress captures antioxidant response, mitochondrial proteostasis, and cellular stress-response activity.	dat/heart/heart_cell_state_markers.gmt	dat/heart/heart_cell_state_markers.xlsx	process_gradient	heart_ventricular_cardiomyocyte_oxidative_energy_metabolism	Oxidative energy metabolism	heart	Heart
false	ventricular_cardiomyocyte	Ventricular cardiomyocyte	Core ventricular cardiomyocyte contractile and calcium-handling markers.	2026-05-26	Ventricular contractile identity	Litvinukova et al. 2020 Nature, Cells of the adult human heart|high|portal_default|https://www.nature.com/articles/s41586-020-2797-4	continuous_gradient	false	false	reviewed	10	1	portal_default	within_tissue_cell_type	Ventricular contractile identity captures a functional activity program in Ventricular cardiomyocyte.	dat/heart/heart_cell_state_markers.gmt	dat/heart/heart_cell_state_markers.xlsx	broad_function_gradient	heart_ventricular_cardiomyocyte_ventricular_contractile_identity	Ventricular contractile identity	heart	Heart
false	c1_10_mid_2	C1-10 Mid-2	Canonical ARC AgRP/NPY orexigenic neurons, with human HYPOMAP receptor markers.	2026-05-26	Agrp npy orexigenic neuron	https://www.nature.com/articles/s41586-024-08504-8; https://pmc.ncbi.nlm.nih.gov/articles/PMC9584816/	needs_review	false	false	reviewed	10	1	portal_default	within_tissue_cell_type	Agrp npy orexigenic neuron is a curated marker panel for C1-10 Mid-2 in Hypothalamus. The biological interpretation needs review or more specific annotation.	dat/hypothalamus/hypothalamus_cell_state_markers.gmt	dat/hypothalamus/hypothalamus_cell_state_markers.xlsx	unknown	hypothalamus_c1_10_mid_2_agrp_npy_orexigenic_neuron	Agrp npy orexigenic neuron	hypothalamus	Hypothalamus
false	c1_10_mid_2	C1-10 Mid-2	Histaminergic/tuberomammillary-like hypothalamic neuron panel.	2026-05-26	Histaminergic tuberomammillary neuron	https://www.nature.com/articles/s41586-024-08504-8; https://www.nature.com/articles/s41586-023-06812-z	needs_review	false	false	reviewed	10	1	portal_default	within_tissue_cell_type	Histaminergic tuberomammillary neuron is a curated marker panel for C1-10 Mid-2 in Hypothalamus. The biological interpretation needs review or more specific annotation.	dat/hypothalamus/hypothalamus_cell_state_markers.gmt	dat/hypothalamus/hypothalamus_cell_state_markers.xlsx	unknown	hypothalamus_c1_10_mid_2_histaminergic_tuberomammillary_neuron	Histaminergic tuberomammillary neuron	hypothalamus	Hypothalamus
false	c1_10_mid_2	C1-10 Mid-2	ARC KISS1/GHRH reproductive and growth-associated neuron panel.	2026-05-26	Kiss1 ghrh reproductive growth neuron	https://www.nature.com/articles/s41586-024-08504-8; https://pmc.ncbi.nlm.nih.gov/articles/PMC9584816/	needs_review	false	false	reviewed	10	1	portal_default	within_tissue_cell_type	Kiss1 ghrh reproductive growth neuron is a curated marker panel for C1-10 Mid-2 in Hypothalamus. The biological interpretation needs review or more specific annotation.	dat/hypothalamus/hypothalamus_cell_state_markers.gmt	dat/hypothalamus/hypothalamus_cell_state_markers.xlsx	unknown	hypothalamus_c1_10_mid_2_kiss1_ghrh_reproductive_growth_neuron	Kiss1 ghrh reproductive growth neuron	hypothalamus	Hypothalamus
false	c1_10_mid_2	C1-10 Mid-2	MCH/orexin lateral hypothalamic neuropeptide panel; validate at finer subcluster level.	2026-05-26	Lateral hypothalamic mch orexin neuron	https://www.nature.com/articles/s41586-024-08504-8; https://www.nature.com/articles/s41586-023-06812-z	needs_review	false	false	reviewed	10	1	portal_default	within_tissue_cell_type	Lateral hypothalamic mch orexin neuron is a curated marker panel for C1-10 Mid-2 in Hypothalamus. The biological interpretation needs review or more specific annotation.	dat/hypothalamus/hypothalamus_cell_state_markers.gmt	dat/hypothalamus/hypothalamus_cell_state_markers.xlsx	unknown	hypothalamus_c1_10_mid_2_lateral_hypothalamic_mch_orexin_neuron	Lateral hypothalamic mch orexin neuron	hypothalamus	Hypothalamus
false	c1_10_mid_2	C1-10 Mid-2	ARC POMC melanocortin neurons; HYPOMAP reports human POMC subclusters including PRDM12, CALCR and ANKRD30A branches.	2026-05-26	Pomc melanocortin neuron	https://www.nature.com/articles/s41586-024-08504-8; https://pmc.ncbi.nlm.nih.gov/articles/PMC9584816/	needs_review	false	false	reviewed	10	1	portal_default	within_tissue_cell_type	Pomc melanocortin neuron is a curated marker panel for C1-10 Mid-2 in Hypothalamus. The biological interpretation needs review or more specific annotation.	dat/hypothalamus/hypothalamus_cell_state_markers.gmt	dat/hypothalamus/hypothalamus_cell_state_markers.xlsx	unknown	hypothalamus_c1_10_mid_2_pomc_melanocortin_neuron	Pomc melanocortin neuron	hypothalamus	Hypothalamus
false	c1_10_mid_2	C1-10 Mid-2	VMH/SF1/FEZF1-associated neuronal program; useful for metabolic and autonomic circuits.	2026-05-26	Vmh sf1 fezf1 neuron	https://www.nature.com/articles/s41586-024-08504-8; https://www.nature.com/articles/s41586-023-06812-z	needs_review	false	false	reviewed	10	1	portal_default	within_tissue_cell_type	Vmh sf1 fezf1 neuron is a curated marker panel for C1-10 Mid-2 in Hypothalamus. The biological interpretation needs review or more specific annotation.	dat/hypothalamus/hypothalamus_cell_state_markers.gmt	dat/hypothalamus/hypothalamus_cell_state_markers.xlsx	unknown	hypothalamus_c1_10_mid_2_vmh_sf1_fezf1_neuron	Vmh sf1 fezf1 neuron	hypothalamus	Hypothalamus
false	c1_11_post_2	C1-11 Post-2	Post-2 glutamatergic neuronal identity and HYPOMAP marker panel.	2026-05-26	Post2 glutamatergic neuron	https://www.nature.com/articles/s41586-024-08504-8; https://www.nature.com/articles/s41586-023-06812-z	needs_review	false	false	reviewed	10	1	portal_default	within_tissue_cell_type	Post2 glutamatergic neuron is a curated marker panel for C1-11 Post-2 in Hypothalamus. The biological interpretation needs review or more specific annotation.	dat/hypothalamus/hypothalamus_cell_state_markers.gmt	dat/hypothalamus/hypothalamus_cell_state_markers.xlsx	unknown	hypothalamus_c1_11_post_2_post2_glutamatergic_neuron	Post2 glutamatergic neuron	hypothalamus	Hypothalamus
false	c1_11_post_2	C1-11 Post-2	Post-2 SIM1/MYO5B-associated regional neuronal program; validate against C2/C3 composition.	2026-05-26	Post2 sim1 myo5b neuron	https://www.nature.com/articles/s41586-024-08504-8	needs_review	false	false	reviewed	10	1	portal_default	within_tissue_cell_type	Post2 sim1 myo5b neuron is a curated marker panel for C1-11 Post-2 in Hypothalamus. The biological interpretation needs review or more specific annotation.	dat/hypothalamus/hypothalamus_cell_state_markers.gmt	dat/hypothalamus/hypothalamus_cell_state_markers.xlsx	unknown	hypothalamus_c1_11_post_2_post2_sim1_myo5b_neuron	Post2 sim1 myo5b neuron	hypothalamus	Hypothalamus
false	c1_12_vascular	C1-12 Vascular	CNS endothelial and BBB marker panel.	2026-05-26	Blood brain barrier endothelial	https://www.nature.com/articles/s41586-024-07493-y; https://www.nature.com/articles/s41586-024-08504-8	needs_review	false	false	reviewed	10	1	portal_default	within_tissue_cell_type	Blood brain barrier endothelial is a curated marker panel for C1-12 Vascular in Hypothalamus. The biological interpretation needs review or more specific annotation.	dat/hypothalamus/hypothalamus_cell_state_markers.gmt	dat/hypothalamus/hypothalamus_cell_state_markers.xlsx	unknown	hypothalamus_c1_12_vascular_blood_brain_barrier_endothelial	Blood brain barrier endothelial	hypothalamus	Hypothalamus
false	c1_12_vascular	C1-12 Vascular	Fenestrated, angiogenic or activated endothelial program; may reflect median eminence vasculature or pathology/handling.	2026-05-26	Fenestrated or activated endothelial	https://www.nature.com/articles/s41586-024-07493-y	needs_review	false	false	reviewed	10	1	portal_flagged	within_tissue_cell_type	Fenestrated or activated endothelial is a curated marker panel for C1-12 Vascular in Hypothalamus. The biological interpretation needs review or more specific annotation.	dat/hypothalamus/hypothalamus_cell_state_markers.gmt	dat/hypothalamus/hypothalamus_cell_state_markers.xlsx	unknown	hypothalamus_c1_12_vascular_fenestrated_or_activated_endothelial	Fenestrated or activated endothelial	hypothalamus	Hypothalamus
false	c1_12_vascular	C1-12 Vascular	Pericyte or vascular smooth muscle/mural identity markers.	2026-05-26	Pericyte mural	https://www.nature.com/articles/s41586-024-07493-y; https://pubmed.ncbi.nlm.nih.gov/36300619/	needs_review	false	false	reviewed	10	1	portal_default	within_tissue_cell_type	Pericyte mural is a curated marker panel for C1-12 Vascular in Hypothalamus. The biological interpretation needs review or more specific annotation.	dat/hypothalamus/hypothalamus_cell_state_markers.gmt	dat/hypothalamus/hypothalamus_cell_state_markers.xlsx	unknown	hypothalamus_c1_12_vascular_pericyte_mural	Pericyte mural	hypothalamus	Hypothalamus
false	c1_12_vascular	C1-12 Vascular	Perivascular fibroblast or ECM-rich stromal markers within vascular compartment.	2026-05-26	Vascular fibroblast ecm	https://www.nature.com/articles/s41586-024-07493-y; https://pubmed.ncbi.nlm.nih.gov/36300619/	needs_review	false	false	reviewed	10	1	portal_default	within_tissue_cell_type	Vascular fibroblast ecm is a curated marker panel for C1-12 Vascular in Hypothalamus. The biological interpretation needs review or more specific annotation.	dat/hypothalamus/hypothalamus_cell_state_markers.gmt	dat/hypothalamus/hypothalamus_cell_state_markers.xlsx	unknown	hypothalamus_c1_12_vascular_vascular_fibroblast_ecm	Vascular fibroblast ecm	hypothalamus	Hypothalamus
false	c1_13_immune	C1-13 Immune	Activated or disease-associated/lipid-associated microglial program; interpret with age, disease and dissociation QC.	2026-05-26	Activated lipid associated microglia	https://www.proteinatlas.org/humanproteome/single%2Bcell/single%2Bnuclei%2Bbrain/glial%2Bcells; https://pubmed.ncbi.nlm.nih.gov/36300619/	continuous_gradient	false	false	reviewed	10	1	portal_flagged	within_tissue_cell_type	Activated lipid associated microglia captures lipid-handling or phagocytic activity often associated with tissue remodeling or disease.	dat/hypothalamus/hypothalamus_cell_state_markers.gmt	dat/hypothalamus/hypothalamus_cell_state_markers.xlsx	process_gradient	hypothalamus_c1_13_immune_activated_lipid_associated_microglia	Activated lipid associated microglia	hypothalamus	Hypothalamus
false	c1_13_immune	C1-13 Immune	Border/perivascular macrophage-like panel.	2026-05-26	Border associated macrophage	https://www.proteinatlas.org/humanproteome/single%2Bcell/single%2Bnuclei%2Bbrain/glial%2Bcells; https://pubmed.ncbi.nlm.nih.gov/36300619/	needs_review	false	false	reviewed	10	1	portal_default	within_tissue_cell_type	Border associated macrophage is a curated marker panel for C1-13 Immune in Hypothalamus. The biological interpretation needs review or more specific annotation.	dat/hypothalamus/hypothalamus_cell_state_markers.gmt	dat/hypothalamus/hypothalamus_cell_state_markers.xlsx	unknown	hypothalamus_c1_13_immune_border_associated_macrophage	Border associated macrophage	hypothalamus	Hypothalamus
false	c1_13_immune	C1-13 Immune	Homeostatic microglial identity markers.	2026-05-26	Homeostatic microglia	https://www.proteinatlas.org/humanproteome/single%2Bcell/single%2Bnuclei%2Bbrain/glial%2Bcells; https://pubmed.ncbi.nlm.nih.gov/36300619/	needs_review	false	false	reviewed	10	1	portal_default	within_tissue_cell_type	Homeostatic microglia is a curated marker panel for C1-13 Immune in Hypothalamus. The biological interpretation needs review or more specific annotation.	dat/hypothalamus/hypothalamus_cell_state_markers.gmt	dat/hypothalamus/hypothalamus_cell_state_markers.xlsx	unknown	hypothalamus_c1_13_immune_homeostatic_microglia	Homeostatic microglia	hypothalamus	Hypothalamus
false	c1_13_immune	C1-13 Immune	Inflammatory monocyte/macrophage panel; may reflect blood contamination, inflammation or dissociation.	2026-05-26	Inflammatory monocyte macrophage	https://pubmed.ncbi.nlm.nih.gov/36300619/	continuous_gradient	false	false	reviewed	10	1	portal_flagged	within_tissue_cell_type	Inflammatory monocyte macrophage represents inflammatory activation in C1-13 Immune.	dat/hypothalamus/hypothalamus_cell_state_markers.gmt	dat/hypothalamus/hypothalamus_cell_state_markers.xlsx	process_gradient	hypothalamus_c1_13_immune_inflammatory_monocyte_macrophage	Inflammatory monocyte macrophage	hypothalamus	Hypothalamus
false	c1_13_immune	C1-13 Immune	T/NK-like immune subpanel inside HYPOMAP immune cluster.	2026-05-26	T cell cytotoxic	https://pubmed.ncbi.nlm.nih.gov/36300619/; https://www.nature.com/articles/s41586-024-08504-8	needs_review	false	false	reviewed	10	1	portal_default	within_tissue_cell_type	T cell cytotoxic is a curated marker panel for C1-13 Immune in Hypothalamus. The biological interpretation needs review or more specific annotation.	dat/hypothalamus/hypothalamus_cell_state_markers.gmt	dat/hypothalamus/hypothalamus_cell_state_markers.xlsx	unknown	hypothalamus_c1_13_immune_t_cell_cytotoxic	T cell cytotoxic	hypothalamus	Hypothalamus
false	c1_1_astrocytes	C1-1 Astrocytes	Astrocyte water, potassium, glutamate, GABA and metabolic support markers.	2026-05-26	Astrocyte endfoot neurotransmitter homeostasis	https://www.proteinatlas.org/humanproteome/single%2Bcell/single%2Bnuclei%2Bbrain/glial%2Bcells; https://www.nature.com/articles/s41586-024-08504-8	needs_review	false	false	reviewed	10	1	portal_default	within_tissue_cell_type	Astrocyte endfoot neurotransmitter homeostasis is a curated marker panel for C1-1 Astrocytes in Hypothalamus. The biological interpretation needs review or more specific annotation.	dat/hypothalamus/hypothalamus_cell_state_markers.gmt	dat/hypothalamus/hypothalamus_cell_state_markers.xlsx	unknown	hypothalamus_c1_1_astrocytes_astrocyte_endfoot_neurotransmitter_homeostasis	Astrocyte endfoot neurotransmitter homeostasis	hypothalamus	Hypothalamus
false	c1_1_astrocytes	C1-1 Astrocytes	Conservative astrocyte identity and homeostasis markers; use as identity or state-high axis.	2026-05-26	Homeostatic astrocyte identity	https://www.proteinatlas.org/humanproteome/single%2Bcell/single%2Bnuclei%2Bbrain/glial%2Bcells; https://www.nature.com/articles/s41586-024-08504-8	continuous_gradient	false	false	reviewed	10	1	portal_default	within_tissue_cell_type	Homeostatic astrocyte identity represents a curated identity or subtype marker program within C1-1 Astrocytes.	dat/hypothalamus/hypothalamus_cell_state_markers.gmt	dat/hypothalamus/hypothalamus_cell_state_markers.xlsx	broad_identity_gradient	hypothalamus_c1_1_astrocytes_homeostatic_astrocyte_identity	Homeostatic astrocyte identity	hypothalamus	Hypothalamus
false	c1_1_astrocytes	C1-1 Astrocytes	Generic reactive/inflammatory astrocyte panel; interpret with tissue handling and disease context.	2026-05-26	Reactive astrocyte	https://www.proteinatlas.org/humanproteome/single%2Bcell/single%2Bnuclei%2Bbrain/glial%2Bcells; https://pubmed.ncbi.nlm.nih.gov/36300619/	needs_review	false	false	reviewed	10	1	portal_flagged	within_tissue_cell_type	Reactive astrocyte is a curated marker panel for C1-1 Astrocytes in Hypothalamus. The biological interpretation needs review or more specific annotation.	dat/hypothalamus/hypothalamus_cell_state_markers.gmt	dat/hypothalamus/hypothalamus_cell_state_markers.xlsx	unknown	hypothalamus_c1_1_astrocytes_reactive_astrocyte	Reactive astrocyte	hypothalamus	Hypothalamus
false	c1_2_ependymal	C1-2 Ependymal	CSF secretory or choroid-plexus-like markers; included as QC/off-target check, not primary hypothalamus state.	2026-05-26	Choroid plexus csf secretory qc	https://www.nature.com/articles/s41586-024-08504-8; https://pubmed.ncbi.nlm.nih.gov/36300619/	continuous_gradient	false	false	reviewed	10	1	qc_only	within_tissue_cell_type	Choroid plexus csf secretory qc captures a functional activity program in C1-2 Ependymal.	dat/hypothalamus/hypothalamus_cell_state_markers.gmt	dat/hypothalamus/hypothalamus_cell_state_markers.xlsx	broad_function_gradient	hypothalamus_c1_2_ependymal_choroid_plexus_csf_secretory_qc	Choroid plexus csf secretory qc	hypothalamus	Hypothalamus
false	c1_2_ependymal	C1-2 Ependymal	Ciliated ependymal identity markers; useful to separate ependymal cells from tanycyte-like cells.	2026-05-26	Ciliated ependymal identity	https://www.nature.com/articles/s41586-024-08504-8; https://pmc.ncbi.nlm.nih.gov/articles/PMC5782816/	continuous_gradient	false	false	reviewed	10	1	portal_default	within_tissue_cell_type	Ciliated ependymal identity represents a curated identity or subtype marker program within C1-2 Ependymal.	dat/hypothalamus/hypothalamus_cell_state_markers.gmt	dat/hypothalamus/hypothalamus_cell_state_markers.xlsx	broad_identity_gradient	hypothalamus_c1_2_ependymal_ciliated_ependymal_identity	Ciliated ependymal identity	hypothalamus	Hypothalamus
false	c1_2_ependymal	C1-2 Ependymal	Hypothalamic tanycyte-like ependymoglial state; adult human specificity should be validated in map.	2026-05-26	Tanycyte like ependymal	https://www.nature.com/articles/s41598-024-66044-7; https://pmc.ncbi.nlm.nih.gov/articles/PMC5782816/; https://pmc.ncbi.nlm.nih.gov/articles/PMC9584816/	needs_review	false	false	reviewed	10	1	portal_default	within_tissue_cell_type	Tanycyte like ependymal is a curated marker panel for C1-2 Ependymal in Hypothalamus. The biological interpretation needs review or more specific annotation.	dat/hypothalamus/hypothalamus_cell_state_markers.gmt	dat/hypothalamus/hypothalamus_cell_state_markers.xlsx	unknown	hypothalamus_c1_2_ependymal_tanycyte_like_ependymal	Tanycyte like ependymal	hypothalamus	Hypothalamus
false	c1_3_oligo_precursor	C1-3 Oligo-Precursor	Differentiating or committed oligodendrocyte precursor panel.	2026-05-26	Committed oligodendrocyte precursor	https://www.proteinatlas.org/humanproteome/single%2Bcell/single%2Bnuclei%2Bbrain/glial%2Bcells; https://www.nature.com/articles/s41586-024-08504-8	needs_review	false	false	reviewed	10	1	portal_default	within_tissue_cell_type	Committed oligodendrocyte precursor is a curated marker panel for C1-3 Oligo-Precursor in Hypothalamus. The biological interpretation needs review or more specific annotation.	dat/hypothalamus/hypothalamus_cell_state_markers.gmt	dat/hypothalamus/hypothalamus_cell_state_markers.xlsx	unknown	hypothalamus_c1_3_oligo_precursor_committed_oligodendrocyte_precursor	Committed oligodendrocyte precursor	hypothalamus	Hypothalamus
true	c1_3_oligo_precursor	C1-3 Oligo-Precursor	Generic proliferation panel in OPC compartment; flag for cycling or doublet artifacts.	2026-05-26	Cycling opc	https://pubmed.ncbi.nlm.nih.gov/36300619/; https://www.proteinatlas.org/humanproteome/single%2Bcell/single%2Bnuclei%2Bbrain/glial%2Bcells	continuous_or_hard_callable_if_separable	false	false	reviewed	10	2	portal_flagged	within_tissue_cell_type	Proliferation / cell cycle captures cycling cells using canonical S/G2M and mitotic markers.	dat/hypothalamus/hypothalamus_cell_state_markers.gmt	dat/hypothalamus/hypothalamus_cell_state_markers.xlsx	rare_process	hypothalamus_c1_3_oligo_precursor_cycling_opc	Cycling opc	hypothalamus	Hypothalamus
false	c1_3_oligo_precursor	C1-3 Oligo-Precursor	OPC identity panel.	2026-05-26	Opc identity	https://www.proteinatlas.org/humanproteome/single%2Bcell/single%2Bnuclei%2Bbrain/glial%2Bcells; https://www.nature.com/articles/s41586-024-08504-8	continuous_gradient	false	false	reviewed	10	1	portal_default	within_tissue_cell_type	Opc identity represents a curated identity or subtype marker program within C1-3 Oligo-Precursor.	dat/hypothalamus/hypothalamus_cell_state_markers.gmt	dat/hypothalamus/hypothalamus_cell_state_markers.xlsx	broad_identity_gradient	hypothalamus_c1_3_oligo_precursor_opc_identity	Opc identity	hypothalamus	Hypothalamus
false	c1_4_oligo_mature	C1-4 Oligo-Mature	Conservative myelinating oligodendrocyte panel.	2026-05-26	Mature myelinating oligodendrocyte	https://www.proteinatlas.org/humanproteome/single%2Bcell/single%2Bnuclei%2Bbrain/glial%2Bcells; https://www.nature.com/articles/s41586-024-08504-8	needs_review	false	false	reviewed	10	1	portal_default	within_tissue_cell_type	Mature myelinating oligodendrocyte is a curated marker panel for C1-4 Oligo-Mature in Hypothalamus. The biological interpretation needs review or more specific annotation.	dat/hypothalamus/hypothalamus_cell_state_markers.gmt	dat/hypothalamus/hypothalamus_cell_state_markers.xlsx	unknown	hypothalamus_c1_4_oligo_mature_mature_myelinating_oligodendrocyte	Mature myelinating oligodendrocyte	hypothalamus	Hypothalamus
false	c1_4_oligo_mature	C1-4 Oligo-Mature	Generic stress or injury response in oligodendrocyte-lineage cells; not a stable cell identity.	2026-05-26	Stress response oligodendrocyte	https://www.proteinatlas.org/humanproteome/single%2Bcell/single%2Bnuclei%2Bbrain/glial%2Bcells; https://pubmed.ncbi.nlm.nih.gov/36300619/	needs_review	false	false	reviewed	10	1	portal_flagged	within_tissue_cell_type	Stress response oligodendrocyte is a curated marker panel for C1-4 Oligo-Mature in Hypothalamus. The biological interpretation needs review or more specific annotation.	dat/hypothalamus/hypothalamus_cell_state_markers.gmt	dat/hypothalamus/hypothalamus_cell_state_markers.xlsx	unknown	hypothalamus_c1_4_oligo_mature_stress_response_oligodendrocyte	Stress response oligodendrocyte	hypothalamus	Hypothalamus
false	c1_5_pre_1	C1-5 Pre-1	C1/C2 HYPOMAP markers spanning Pre-1 GABA subclusters; treat as regional program rather than single discrete subtype.	2026-05-26	Pre1 cxcl14 rxfp1 gaba subtype	https://www.nature.com/articles/s41586-024-08504-8	needs_review	false	false	reviewed	10	1	portal_default	within_tissue_cell_type	Pre1 cxcl14 rxfp1 gaba subtype is a curated marker panel for C1-5 Pre-1 in Hypothalamus. The biological interpretation needs review or more specific annotation.	dat/hypothalamus/hypothalamus_cell_state_markers.gmt	dat/hypothalamus/hypothalamus_cell_state_markers.xlsx	unknown	hypothalamus_c1_5_pre_1_pre1_cxcl14_rxfp1_gaba_subtype	Pre1 cxcl14 rxfp1 gaba subtype	hypothalamus	Hypothalamus
false	c1_5_pre_1	C1-5 Pre-1	Pre-1 broad GABAergic pre-hypothalamic or preoptic neuronal cluster markers from HYPOMAP plus canonical GABA markers.	2026-05-26	Pre1 gabaergic preoptic neuron	https://www.nature.com/articles/s41586-024-08504-8; https://www.nature.com/articles/s41586-023-06812-z	needs_review	false	false	reviewed	10	1	portal_default	within_tissue_cell_type	Pre1 gabaergic preoptic neuron is a curated marker panel for C1-5 Pre-1 in Hypothalamus. The biological interpretation needs review or more specific annotation.	dat/hypothalamus/hypothalamus_cell_state_markers.gmt	dat/hypothalamus/hypothalamus_cell_state_markers.xlsx	unknown	hypothalamus_c1_5_pre_1_pre1_gabaergic_preoptic_neuron	Pre1 gabaergic preoptic neuron	hypothalamus	Hypothalamus
false	c1_6_mid_1	C1-6 Mid-1	Dorsomedial or medial hypothalamic enriched neuronal program described in HYPOMAP BMI-enriched clusters.	2026-05-26	Dmh onecut ptgfr neuron	https://www.nature.com/articles/s41586-024-08504-8	needs_review	false	false	reviewed	10	1	portal_default	within_tissue_cell_type	Dmh onecut ptgfr neuron is a curated marker panel for C1-6 Mid-1 in Hypothalamus. The biological interpretation needs review or more specific annotation.	dat/hypothalamus/hypothalamus_cell_state_markers.gmt	dat/hypothalamus/hypothalamus_cell_state_markers.xlsx	unknown	hypothalamus_c1_6_mid_1_dmh_onecut_ptgfr_neuron	Dmh onecut ptgfr neuron	hypothalamus	Hypothalamus
false	c1_6_mid_1	C1-6 Mid-1	Mid-1 GABAergic identity and HYPOMAP C2 marker panel.	2026-05-26	Mid1 gabaergic neuron	https://www.nature.com/articles/s41586-024-08504-8; https://www.nature.com/articles/s41586-023-06812-z	needs_review	false	false	reviewed	10	1	portal_default	within_tissue_cell_type	Mid1 gabaergic neuron is a curated marker panel for C1-6 Mid-1 in Hypothalamus. The biological interpretation needs review or more specific annotation.	dat/hypothalamus/hypothalamus_cell_state_markers.gmt	dat/hypothalamus/hypothalamus_cell_state_markers.xlsx	unknown	hypothalamus_c1_6_mid_1_mid1_gabaergic_neuron	Mid1 gabaergic neuron	hypothalamus	Hypothalamus
false	c1_6_mid_1	C1-6 Mid-1	Suprachiasmatic/circadian neuropeptide markers; validate regional localization if using outside SCN-rich maps.	2026-05-26	Scn circadian neuron	https://www.nature.com/articles/s41586-024-08504-8; https://www.nature.com/articles/s41586-023-06812-z	needs_review	false	false	reviewed	10	1	portal_default	within_tissue_cell_type	Scn circadian neuron is a curated marker panel for C1-6 Mid-1 in Hypothalamus. The biological interpretation needs review or more specific annotation.	dat/hypothalamus/hypothalamus_cell_state_markers.gmt	dat/hypothalamus/hypothalamus_cell_state_markers.xlsx	unknown	hypothalamus_c1_6_mid_1_scn_circadian_neuron	Scn circadian neuron	hypothalamus	Hypothalamus
false	c1_7_pre_2	C1-7 Pre-2	Aromatase or sex-steroid-sensitive GABA-like panel; flagged because sex and regional composition can dominate.	2026-05-26	Pre2 aromatase lhx6 gaba neuron	https://www.nature.com/articles/s41586-024-08504-8; https://www.nature.com/articles/s41586-023-06812-z	needs_review	false	false	reviewed	10	1	portal_flagged	within_tissue_cell_type	Pre2 aromatase lhx6 gaba neuron is a curated marker panel for C1-7 Pre-2 in Hypothalamus. The biological interpretation needs review or more specific annotation.	dat/hypothalamus/hypothalamus_cell_state_markers.gmt	dat/hypothalamus/hypothalamus_cell_state_markers.xlsx	unknown	hypothalamus_c1_7_pre_2_pre2_aromatase_lhx6_gaba_neuron	Pre2 aromatase lhx6 gaba neuron	hypothalamus	Hypothalamus
false	c1_7_pre_2	C1-7 Pre-2	Pre-2 cholinergic/LPOA-like neuronal marker panel; includes canonical cholinergic markers.	2026-05-26	Pre2 cholinergic neuron	https://www.nature.com/articles/s41586-024-08504-8; https://www.nature.com/articles/s41586-023-06812-z	needs_review	false	false	reviewed	10	1	portal_default	within_tissue_cell_type	Pre2 cholinergic neuron is a curated marker panel for C1-7 Pre-2 in Hypothalamus. The biological interpretation needs review or more specific annotation.	dat/hypothalamus/hypothalamus_cell_state_markers.gmt	dat/hypothalamus/hypothalamus_cell_state_markers.xlsx	unknown	hypothalamus_c1_7_pre_2_pre2_cholinergic_neuron	Pre2 cholinergic neuron	hypothalamus	Hypothalamus
false	c1_7_pre_2	C1-7 Pre-2	Pre-2 broad GABAergic neuronal cluster markers.	2026-05-26	Pre2 gabaergic neuron	https://www.nature.com/articles/s41586-024-08504-8; https://www.nature.com/articles/s41586-023-06812-z	needs_review	false	false	reviewed	10	1	portal_default	within_tissue_cell_type	Pre2 gabaergic neuron is a curated marker panel for C1-7 Pre-2 in Hypothalamus. The biological interpretation needs review or more specific annotation.	dat/hypothalamus/hypothalamus_cell_state_markers.gmt	dat/hypothalamus/hypothalamus_cell_state_markers.xlsx	unknown	hypothalamus_c1_7_pre_2_pre2_gabaergic_neuron	Pre2 gabaergic neuron	hypothalamus	Hypothalamus
false	c1_8_post_1	C1-8 Post-1	Post-1 glutamatergic neuronal identity and HYPOMAP regional markers.	2026-05-26	Post1 glutamatergic neuron	https://www.nature.com/articles/s41586-024-08504-8; https://www.nature.com/articles/s41586-023-06812-z	needs_review	false	false	reviewed	10	1	portal_default	within_tissue_cell_type	Post1 glutamatergic neuron is a curated marker panel for C1-8 Post-1 in Hypothalamus. The biological interpretation needs review or more specific annotation.	dat/hypothalamus/hypothalamus_cell_state_markers.gmt	dat/hypothalamus/hypothalamus_cell_state_markers.xlsx	unknown	hypothalamus_c1_8_post_1_post1_glutamatergic_neuron	Post1 glutamatergic neuron	hypothalamus	Hypothalamus
false	c1_8_post_1	C1-8 Post-1	NTS/IRX3/LMX1A-associated Post-1 regional glutamatergic program; validate at fine cluster level.	2026-05-26	Post1 nts irx3 glutamatergic neuron	https://www.nature.com/articles/s41586-024-08504-8	needs_review	false	false	reviewed	10	1	portal_default	within_tissue_cell_type	Post1 nts irx3 glutamatergic neuron is a curated marker panel for C1-8 Post-1 in Hypothalamus. The biological interpretation needs review or more specific annotation.	dat/hypothalamus/hypothalamus_cell_state_markers.gmt	dat/hypothalamus/hypothalamus_cell_state_markers.xlsx	unknown	hypothalamus_c1_8_post_1_post1_nts_irx3_glutamatergic_neuron	Post1 nts irx3 glutamatergic neuron	hypothalamus	Hypothalamus
false	c1_9_mid_3	C1-9 Mid-3	PVN-like stress and thyrotropic releasing-hormone neuronal panel.	2026-05-26	Crh trh stress thyrotropic neuron	https://www.nature.com/articles/s41586-024-08504-8	needs_review	false	false	reviewed	10	1	portal_default	within_tissue_cell_type	Crh trh stress thyrotropic neuron is a curated marker panel for C1-9 Mid-3 in Hypothalamus. The biological interpretation needs review or more specific annotation.	dat/hypothalamus/hypothalamus_cell_state_markers.gmt	dat/hypothalamus/hypothalamus_cell_state_markers.xlsx	unknown	hypothalamus_c1_9_mid_3_crh_trh_stress_thyrotropic_neuron	Crh trh stress thyrotropic neuron	hypothalamus	Hypothalamus
false	c1_9_mid_3	C1-9 Mid-3	Dopaminergic/tuberoinfundibular-like neuronal panel; confirm regional mapping.	2026-05-26	Dopaminergic tuberoinfundibular neuron	https://www.nature.com/articles/s41586-024-08504-8; https://www.nature.com/articles/s41586-023-06812-z	needs_review	false	false	reviewed	10	1	portal_default	within_tissue_cell_type	Dopaminergic tuberoinfundibular neuron is a curated marker panel for C1-9 Mid-3 in Hypothalamus. The biological interpretation needs review or more specific annotation.	dat/hypothalamus/hypothalamus_cell_state_markers.gmt	dat/hypothalamus/hypothalamus_cell_state_markers.xlsx	unknown	hypothalamus_c1_9_mid_3_dopaminergic_tuberoinfundibular_neuron	Dopaminergic tuberoinfundibular neuron	hypothalamus	Hypothalamus
false	c1_9_mid_3	C1-9 Mid-3	Mid-3 glutamatergic identity and HYPOMAP C2 marker panel.	2026-05-26	Mid3 glutamatergic neuron	https://www.nature.com/articles/s41586-024-08504-8; https://www.nature.com/articles/s41586-023-06812-z	needs_review	false	false	reviewed	10	1	portal_default	within_tissue_cell_type	Mid3 glutamatergic neuron is a curated marker panel for C1-9 Mid-3 in Hypothalamus. The biological interpretation needs review or more specific annotation.	dat/hypothalamus/hypothalamus_cell_state_markers.gmt	dat/hypothalamus/hypothalamus_cell_state_markers.xlsx	unknown	hypothalamus_c1_9_mid_3_mid3_glutamatergic_neuron	Mid3 glutamatergic neuron	hypothalamus	Hypothalamus
false	c1_9_mid_3	C1-9 Mid-3	PVN/SON neuroendocrine peptide neuron panel; HYPOMAP reports AVP/SIM1 GLP1R+ and GIPR+ populations.	2026-05-26	Pvn son avp oxt neuroendocrine neuron	https://www.nature.com/articles/s41586-024-08504-8	continuous_gradient	false	false	reviewed	10	1	portal_default	within_tissue_cell_type	Pvn son avp oxt neuroendocrine neuron captures a functional activity program in C1-9 Mid-3.	dat/hypothalamus/hypothalamus_cell_state_markers.gmt	dat/hypothalamus/hypothalamus_cell_state_markers.xlsx	broad_function_gradient	hypothalamus_c1_9_mid_3_pvn_son_avp_oxt_neuroendocrine_neuron	Pvn son avp oxt neuroendocrine neuron	hypothalamus	Hypothalamus
false	c1_9_mid_3	C1-9 Mid-3	SST/CALCR/GLP1R neuropeptide panel highlighted as feeding-relevant in HYPOMAP.	2026-05-26	Sst calcr glp1r neuron	https://www.nature.com/articles/s41586-024-08504-8	needs_review	false	false	reviewed	10	1	portal_default	within_tissue_cell_type	Sst calcr glp1r neuron is a curated marker panel for C1-9 Mid-3 in Hypothalamus. The biological interpretation needs review or more specific annotation.	dat/hypothalamus/hypothalamus_cell_state_markers.gmt	dat/hypothalamus/hypothalamus_cell_state_markers.xlsx	unknown	hypothalamus_c1_9_mid_3_sst_calcr_glp1r_neuron	Sst calcr glp1r neuron	hypothalamus	Hypothalamus
false	b_cell	B cell	Activated/germinal-center-like panel; may be rare in kidney.	2026-05-26	Activated germinal center like B cell	https://academic.oup.com/nar/article/51/D1/D870/6775381	needs_review	false	false	reviewed	10	1	portal_flagged	within_tissue_cell_type	Activated germinal center like B cell is a curated marker panel for B cell in Kidney. The biological interpretation needs review or more specific annotation.	dat/kidney/kidney_cell_state_markers.gmt	dat/kidney/kidney_cell_state_markers.xlsx	unknown	kidney_b_cell_activated_germinal_center_like_b_cell	Activated germinal center like B cell	kidney	Kidney
false	b_cell	B cell	Memory/activated-memory B-cell panel.	2026-05-26	Memory B cell	https://academic.oup.com/nar/article/51/D1/D870/6775381	needs_review	false	false	reviewed	10	1	portal_default	within_tissue_cell_type	Memory B cell is a curated marker panel for B cell in Kidney. The biological interpretation needs review or more specific annotation.	dat/kidney/kidney_cell_state_markers.gmt	dat/kidney/kidney_cell_state_markers.xlsx	unknown	kidney_b_cell_memory_b_cell	Memory B cell	kidney	Kidney
false	b_cell	B cell	Naive/mature B-cell identity panel.	2026-05-26	Naive mature B cell	https://academic.oup.com/nar/article/51/D1/D870/6775381	needs_review	false	false	reviewed	10	1	portal_default	within_tissue_cell_type	Naive mature B cell is a curated marker panel for B cell in Kidney. The biological interpretation needs review or more specific annotation.	dat/kidney/kidney_cell_state_markers.gmt	dat/kidney/kidney_cell_state_markers.xlsx	unknown	kidney_b_cell_naive_mature_b_cell	Naive mature B cell	kidney	Kidney
false	b_cell	B cell	Transition from B cell to antibody-secreting plasmablast.	2026-05-26	Plasmablast transition	https://academic.oup.com/nar/article/51/D1/D870/6775381	needs_review	false	false	reviewed	10	1	portal_default	within_tissue_cell_type	Plasmablast transition is a curated marker panel for B cell in Kidney. The biological interpretation needs review or more specific annotation.	dat/kidney/kidney_cell_state_markers.gmt	dat/kidney/kidney_cell_state_markers.xlsx	unknown	kidney_b_cell_plasmablast_transition	Plasmablast transition	kidney	Kidney
false	conventional_dendritic_cell	Conventional dendritic cell	Canonical human cDC1 cross-presentation panel.	2026-05-26	CDC1 identity	https://academic.oup.com/nar/article/51/D1/D870/6775381	continuous_gradient	false	false	reviewed	10	1	portal_default	within_tissue_cell_type	CDC1 identity represents a curated identity or subtype marker program within Conventional dendritic cell.	dat/kidney/kidney_cell_state_markers.gmt	dat/kidney/kidney_cell_state_markers.xlsx	broad_identity_gradient	kidney_conventional_dendritic_cell_cdc1_identity	CDC1 identity	kidney	Kidney
false	conventional_dendritic_cell	Conventional dendritic cell	Canonical human cDC2 antigen-presentation panel.	2026-05-26	CDC2 identity	https://academic.oup.com/nar/article/51/D1/D870/6775381	continuous_gradient	false	false	reviewed	10	1	portal_default	within_tissue_cell_type	CDC2 identity represents a curated identity or subtype marker program within Conventional dendritic cell.	dat/kidney/kidney_cell_state_markers.gmt	dat/kidney/kidney_cell_state_markers.xlsx	broad_identity_gradient	kidney_conventional_dendritic_cell_cdc2_identity	CDC2 identity	kidney	Kidney
false	conventional_dendritic_cell	Conventional dendritic cell	Shared type I interferon program, not dendritic-cell specific.	2026-05-26	Interferon response dendritic cell	https://academic.oup.com/nar/article/51/D1/D870/6775381	continuous_gradient	false	false	reviewed	10	2	portal_flagged	within_tissue_cell_type	Interferon / MHC response captures inflammatory, antiviral, and antigen-presentation activity within the parent cell type.	dat/kidney/kidney_cell_state_markers.gmt	dat/kidney/kidney_cell_state_markers.xlsx	process_gradient	kidney_conventional_dendritic_cell_interferon_response_dendritic_cell	Interferon response dendritic cell	kidney	Kidney
false	conventional_dendritic_cell	Conventional dendritic cell	Activation/migration state; interpret with inflammation and sampling context.	2026-05-26	Migratory activated dendritic cell	https://academic.oup.com/nar/article/51/D1/D870/6775381	needs_review	false	false	reviewed	10	1	portal_flagged	within_tissue_cell_type	Migratory activated dendritic cell is a curated marker panel for Conventional dendritic cell in Kidney. The biological interpretation needs review or more specific annotation.	dat/kidney/kidney_cell_state_markers.gmt	dat/kidney/kidney_cell_state_markers.xlsx	unknown	kidney_conventional_dendritic_cell_migratory_activated_dendritic_cell	Migratory activated dendritic cell	kidney	Kidney
false	cytotoxic_t_cell	Cytotoxic T cell	Canonical cytotoxic CD8/NK-like effector panel.	2026-05-26	Cytotoxic effector T cell	https://academic.oup.com/nar/article/51/D1/D870/6775381	needs_review	false	false	reviewed	10	1	portal_default	within_tissue_cell_type	Cytotoxic effector T cell is a curated marker panel for Cytotoxic T cell in Kidney. The biological interpretation needs review or more specific annotation.	dat/kidney/kidney_cell_state_markers.gmt	dat/kidney/kidney_cell_state_markers.xlsx	unknown	kidney_cytotoxic_t_cell_cytotoxic_effector_t_cell	Cytotoxic effector T cell	kidney	Kidney
false	cytotoxic_t_cell	Cytotoxic T cell	Exhaustion/dysfunction panel; interpret with antigen-context QC.	2026-05-26	Exhausted cytotoxic T cell	https://academic.oup.com/nar/article/51/D1/D870/6775381	needs_review	false	false	reviewed	10	1	portal_flagged	within_tissue_cell_type	Exhausted cytotoxic T cell is a curated marker panel for Cytotoxic T cell in Kidney. The biological interpretation needs review or more specific annotation.	dat/kidney/kidney_cell_state_markers.gmt	dat/kidney/kidney_cell_state_markers.xlsx	unknown	kidney_cytotoxic_t_cell_exhausted_cytotoxic_t_cell	Exhausted cytotoxic T cell	kidney	Kidney
false	cytotoxic_t_cell	Cytotoxic T cell	Tissue-resident memory-like panel.	2026-05-26	Tissue resident memory cytotoxic T cell	https://academic.oup.com/nar/article/51/D1/D870/6775381	continuous_gradient	false	false	reviewed	10	1	portal_default	within_tissue_cell_type	Tissue resident memory cytotoxic T cell represents a curated identity or subtype marker program within Cytotoxic T cell.	dat/kidney/kidney_cell_state_markers.gmt	dat/kidney/kidney_cell_state_markers.xlsx	broad_identity_gradient	kidney_cytotoxic_t_cell_tissue_resident_memory_cytotoxic_t_cell	Tissue resident memory cytotoxic T cell	kidney	Kidney
false	endothelial	Endothelial	Arteriolar/descending vasa recta vascular endothelial panel.	2026-05-26	Arteriolar descending vasa recta endothelial	https://azimuth.hubmapconsortium.org/references/human_kidney/	needs_review	false	false	reviewed	10	1	portal_default	within_tissue_cell_type	Arteriolar descending vasa recta endothelial is a curated marker panel for Endothelial in Kidney. The biological interpretation needs review or more specific annotation.	dat/kidney/kidney_cell_state_markers.gmt	dat/kidney/kidney_cell_state_markers.xlsx	unknown	kidney_endothelial_arteriolar_descending_vasa_recta_endothelial	Arteriolar descending vasa recta endothelial	kidney	Kidney
false	endothelial	Endothelial	Conservative endothelial identity panel.	2026-05-26	Endothelial identity	https://insight.jci.org/articles/view/133267/figure/7	continuous_gradient	false	false	reviewed	10	1	portal_default	within_tissue_cell_type	Endothelial identity represents a curated identity or subtype marker program within Endothelial.	dat/kidney/kidney_cell_state_markers.gmt	dat/kidney/kidney_cell_state_markers.xlsx	broad_identity_gradient	kidney_endothelial_endothelial_identity	Endothelial identity	kidney	Kidney
false	endothelial	Endothelial	Glomerular capillary endothelial panel.	2026-05-26	Glomerular capillary endothelial	https://insight.jci.org/articles/view/133267/figure/7	continuous_gradient	false	false	reviewed	10	1	portal_default	within_tissue_cell_type	Glomerular capillary endothelial represents a curated identity or subtype marker program within Endothelial.	dat/kidney/kidney_cell_state_markers.gmt	dat/kidney/kidney_cell_state_markers.xlsx	broad_identity_gradient	kidney_endothelial_glomerular_capillary_endothelial	Glomerular capillary endothelial	kidney	Kidney
false	endothelial	Endothelial	Inflammatory endothelial activation; disease and processing sensitive.	2026-05-26	Inflammatory endothelial	https://www.nature.com/articles/s41586-023-05769-3	continuous_gradient	false	false	reviewed	10	1	portal_flagged	within_tissue_cell_type	Inflammatory endothelial represents inflammatory activation in Endothelial.	dat/kidney/kidney_cell_state_markers.gmt	dat/kidney/kidney_cell_state_markers.xlsx	process_gradient	kidney_endothelial_inflammatory_endothelial	Inflammatory endothelial	kidney	Kidney
false	endothelial	Endothelial	Peritubular capillary/ascending vasa recta endothelial panel.	2026-05-26	Peritubular vasa recta endothelial	https://insight.jci.org/articles/view/133267/figure/7	needs_review	false	false	reviewed	10	1	portal_default	within_tissue_cell_type	Peritubular vasa recta endothelial is a curated marker panel for Endothelial in Kidney. The biological interpretation needs review or more specific annotation.	dat/kidney/kidney_cell_state_markers.gmt	dat/kidney/kidney_cell_state_markers.xlsx	unknown	kidney_endothelial_peritubular_vasa_recta_endothelial	Peritubular vasa recta endothelial	kidney	Kidney
false	epithelial_cell_of_proximal_tubule	Epithelial cell of proximal tubule	Adaptive/injured proximal tubule repair program.	2026-05-26	Adaptive injury repair	https://www.pnas.org/doi/10.1073/pnas.2026684118	needs_review	false	false	reviewed	10	1	portal_default	within_tissue_cell_type	Adaptive injury repair is a curated marker panel for Epithelial cell of proximal tubule in Kidney. The biological interpretation needs review or more specific annotation.	dat/kidney/kidney_cell_state_markers.gmt	dat/kidney/kidney_cell_state_markers.xlsx	unknown	kidney_epithelial_cell_of_proximal_tubule_adaptive_injury_repair	Adaptive injury repair	kidney	Kidney
false	epithelial_cell_of_proximal_tubule	Epithelial cell of proximal tubule	Maladaptive/proinflammatory epithelial repair; requires disease-context validation.	2026-05-26	Maladaptive proinflammatory repair	https://www.nature.com/articles/s41586-023-05769-3	continuous_gradient	false	false	reviewed	10	1	portal_flagged	within_tissue_cell_type	Maladaptive proinflammatory repair represents inflammatory activation in Epithelial cell of proximal tubule.	dat/kidney/kidney_cell_state_markers.gmt	dat/kidney/kidney_cell_state_markers.xlsx	process_gradient	kidney_epithelial_cell_of_proximal_tubule_maladaptive_proinflammatory_repair	Maladaptive proinflammatory repair	kidney	Kidney
false	epithelial_cell_of_proximal_tubule	Epithelial cell of proximal tubule	Canonical proximal-tubule transport and receptor panel.	2026-05-26	Proximal tubule identity	https://azimuth.hubmapconsortium.org/references/human_kidney/	continuous_gradient	false	false	reviewed	10	1	portal_default	within_tissue_cell_type	Proximal tubule identity represents a curated identity or subtype marker program within Epithelial cell of proximal tubule.	dat/kidney/kidney_cell_state_markers.gmt	dat/kidney/kidney_cell_state_markers.xlsx	broad_identity_gradient	kidney_epithelial_cell_of_proximal_tubule_proximal_tubule_identity	Proximal tubule identity	kidney	Kidney
false	epithelial_cell_of_proximal_tubule	Epithelial cell of proximal tubule	Proximal tubule S1/S2-like solute transport panel.	2026-05-26	S1 S2 solute transport	https://azimuth.hubmapconsortium.org/references/human_kidney/	needs_review	false	false	reviewed	10	1	portal_default	within_tissue_cell_type	S1 S2 solute transport is a curated marker panel for Epithelial cell of proximal tubule in Kidney. The biological interpretation needs review or more specific annotation.	dat/kidney/kidney_cell_state_markers.gmt	dat/kidney/kidney_cell_state_markers.xlsx	unknown	kidney_epithelial_cell_of_proximal_tubule_s1_s2_solute_transport	S1 S2 solute transport	kidney	Kidney
false	epithelial_cell_of_proximal_tubule	Epithelial cell of proximal tubule	Proximal tubule S2/S3 and medullary proximal tubule marker panel.	2026-05-26	S3 medullary proximal tubule	https://azimuth.hubmapconsortium.org/references/human_kidney/	needs_review	false	false	reviewed	10	1	portal_default	within_tissue_cell_type	S3 medullary proximal tubule is a curated marker panel for Epithelial cell of proximal tubule in Kidney. The biological interpretation needs review or more specific annotation.	dat/kidney/kidney_cell_state_markers.gmt	dat/kidney/kidney_cell_state_markers.xlsx	unknown	kidney_epithelial_cell_of_proximal_tubule_s3_medullary_proximal_tubule	S3 medullary proximal tubule	kidney	Kidney
false	kidney_collecting_duct_intercalated_cell	Kidney collecting duct intercalated cell	Alpha intercalated acid secretion panel.	2026-05-26	Alpha intercalated acid secretion	https://www.nature.com/articles/s41467-021-22672-5	needs_review	false	false	reviewed	10	1	portal_default	within_tissue_cell_type	Alpha intercalated acid secretion is a curated marker panel for Kidney collecting duct intercalated cell in Kidney. The biological interpretation needs review or more specific annotation.	dat/kidney/kidney_cell_state_markers.gmt	dat/kidney/kidney_cell_state_markers.xlsx	unknown	kidney_kidney_collecting_duct_intercalated_cell_alpha_intercalated_acid_secretion	Alpha intercalated acid secretion	kidney	Kidney
false	kidney_collecting_duct_intercalated_cell	Kidney collecting duct intercalated cell	Innate immune-like intercalated-cell response; infection/context dependent.	2026-05-26	Antimicrobial phagocytic intercalated cell	https://www.nature.com/articles/s41467-021-22672-5	continuous_gradient	false	false	reviewed	10	1	portal_flagged	within_tissue_cell_type	Antimicrobial phagocytic intercalated cell captures lipid-handling or phagocytic activity often associated with tissue remodeling or disease.	dat/kidney/kidney_cell_state_markers.gmt	dat/kidney/kidney_cell_state_markers.xlsx	process_gradient	kidney_kidney_collecting_duct_intercalated_cell_antimicrobial_phagocytic_intercalated_cell	Antimicrobial phagocytic intercalated cell	kidney	Kidney
false	kidney_collecting_duct_intercalated_cell	Kidney collecting duct intercalated cell	Beta intercalated base secretion panel.	2026-05-26	Beta intercalated base secretion	https://www.nature.com/articles/s41467-021-22672-5	needs_review	false	false	reviewed	10	1	portal_default	within_tissue_cell_type	Beta intercalated base secretion is a curated marker panel for Kidney collecting duct intercalated cell in Kidney. The biological interpretation needs review or more specific annotation.	dat/kidney/kidney_cell_state_markers.gmt	dat/kidney/kidney_cell_state_markers.xlsx	unknown	kidney_kidney_collecting_duct_intercalated_cell_beta_intercalated_base_secretion	Beta intercalated base secretion	kidney	Kidney
false	kidney_collecting_duct_intercalated_cell	Kidney collecting duct intercalated cell	Canonical intercalated-cell identity and acid-base panel.	2026-05-26	Intercalated cell identity	https://www.nature.com/articles/s41467-021-22672-5	continuous_gradient	false	false	reviewed	10	1	portal_default	within_tissue_cell_type	Intercalated cell identity represents a curated identity or subtype marker program within Kidney collecting duct intercalated cell.	dat/kidney/kidney_cell_state_markers.gmt	dat/kidney/kidney_cell_state_markers.xlsx	broad_identity_gradient	kidney_kidney_collecting_duct_intercalated_cell_intercalated_cell_identity	Intercalated cell identity	kidney	Kidney
false	kidney_collecting_duct_principal_cell	Kidney collecting duct principal cell	Aldosterone/mineralocorticoid and ENaC-associated sodium transport panel.	2026-05-26	Aldosterone ENaC sodium transport	https://europepmc.org/article/pmc/pmc5699061	needs_review	false	false	reviewed	10	1	portal_default	within_tissue_cell_type	Aldosterone ENaC sodium transport is a curated marker panel for Kidney collecting duct principal cell in Kidney. The biological interpretation needs review or more specific annotation.	dat/kidney/kidney_cell_state_markers.gmt	dat/kidney/kidney_cell_state_markers.xlsx	unknown	kidney_kidney_collecting_duct_principal_cell_aldosterone_enac_sodium_transport	Aldosterone ENaC sodium transport	kidney	Kidney
false	kidney_collecting_duct_principal_cell	Kidney collecting duct principal cell	Generic tubular injury/repair program; not principal-cell specific.	2026-05-26	Injured repair principal cell	https://www.nature.com/articles/s41586-023-05769-3	needs_review	false	false	reviewed	10	1	portal_flagged	within_tissue_cell_type	Injured repair principal cell is a curated marker panel for Kidney collecting duct principal cell in Kidney. The biological interpretation needs review or more specific annotation.	dat/kidney/kidney_cell_state_markers.gmt	dat/kidney/kidney_cell_state_markers.xlsx	unknown	kidney_kidney_collecting_duct_principal_cell_injured_repair_principal_cell	Injured repair principal cell	kidney	Kidney
false	kidney_collecting_duct_principal_cell	Kidney collecting duct principal cell	Canonical collecting-duct principal-cell identity and transport panel.	2026-05-26	Principal cell identity	https://www.nature.com/articles/s41467-021-22672-5	continuous_gradient	false	false	reviewed	10	1	portal_default	within_tissue_cell_type	Principal cell identity represents a curated identity or subtype marker program within Kidney collecting duct principal cell.	dat/kidney/kidney_cell_state_markers.gmt	dat/kidney/kidney_cell_state_markers.xlsx	broad_identity_gradient	kidney_kidney_collecting_duct_principal_cell_principal_cell_identity	Principal cell identity	kidney	Kidney
false	kidney_collecting_duct_principal_cell	Kidney collecting duct principal cell	Water/urea transport and vasopressin-responsive principal-cell program.	2026-05-26	Vasopressin water transport	https://europepmc.org/article/pmc/pmc5699061	needs_review	false	false	reviewed	10	1	portal_default	within_tissue_cell_type	Vasopressin water transport is a curated marker panel for Kidney collecting duct principal cell in Kidney. The biological interpretation needs review or more specific annotation.	dat/kidney/kidney_cell_state_markers.gmt	dat/kidney/kidney_cell_state_markers.xlsx	unknown	kidney_kidney_collecting_duct_principal_cell_vasopressin_water_transport	Vasopressin water transport	kidney	Kidney
false	kidney_connecting_tubule_epithelial_cell	Kidney connecting tubule epithelial cell	Aldosterone/ENaC sodium-transport state in connecting tubule.	2026-05-26	Aldosterone ENaC response	https://europepmc.org/article/pmc/pmc5699061	needs_review	false	false	reviewed	10	1	portal_default	within_tissue_cell_type	Aldosterone ENaC response is a curated marker panel for Kidney connecting tubule epithelial cell in Kidney. The biological interpretation needs review or more specific annotation.	dat/kidney/kidney_cell_state_markers.gmt	dat/kidney/kidney_cell_state_markers.xlsx	unknown	kidney_kidney_connecting_tubule_epithelial_cell_aldosterone_enac_response	Aldosterone ENaC response	kidney	Kidney
false	kidney_connecting_tubule_epithelial_cell	Kidney connecting tubule epithelial cell	Connecting-tubule intercalated-like transition panel.	2026-05-26	CNT intercalated transition	https://azimuth.hubmapconsortium.org/references/human_kidney/	needs_review	false	false	reviewed	10	1	portal_default	within_tissue_cell_type	CNT intercalated transition is a curated marker panel for Kidney connecting tubule epithelial cell in Kidney. The biological interpretation needs review or more specific annotation.	dat/kidney/kidney_cell_state_markers.gmt	dat/kidney/kidney_cell_state_markers.xlsx	unknown	kidney_kidney_connecting_tubule_epithelial_cell_cnt_intercalated_transition	CNT intercalated transition	kidney	Kidney
false	kidney_connecting_tubule_epithelial_cell	Kidney connecting tubule epithelial cell	Human kidney reference markers for connecting tubule.	2026-05-26	Connecting tubule identity	https://azimuth.hubmapconsortium.org/references/human_kidney/	continuous_gradient	false	false	reviewed	10	1	portal_default	within_tissue_cell_type	Connecting tubule identity represents a curated identity or subtype marker program within Kidney connecting tubule epithelial cell.	dat/kidney/kidney_cell_state_markers.gmt	dat/kidney/kidney_cell_state_markers.xlsx	broad_identity_gradient	kidney_kidney_connecting_tubule_epithelial_cell_connecting_tubule_identity	Connecting tubule identity	kidney	Kidney
false	kidney_connecting_tubule_epithelial_cell	Kidney connecting tubule epithelial cell	Generic tubular injury/stress program.	2026-05-26	Connecting tubule injury stress	https://www.nature.com/articles/s41586-023-05769-3	needs_review	false	false	reviewed	10	1	portal_flagged	within_tissue_cell_type	Connecting tubule injury stress is a curated marker panel for Kidney connecting tubule epithelial cell in Kidney. The biological interpretation needs review or more specific annotation.	dat/kidney/kidney_cell_state_markers.gmt	dat/kidney/kidney_cell_state_markers.xlsx	unknown	kidney_kidney_connecting_tubule_epithelial_cell_connecting_tubule_injury_stress	Connecting tubule injury stress	kidney	Kidney
false	kidney_distal_convoluted_tubule_epithelial_cell	Kidney distal convoluted tubule epithelial cell	DCT magnesium/calcium and salt transport panel.	2026-05-26	DCT1 magnesium transport	https://pmc.ncbi.nlm.nih.gov/articles/PMC8044133/	needs_review	false	false	reviewed	10	1	portal_default	within_tissue_cell_type	DCT1 magnesium transport is a curated marker panel for Kidney distal convoluted tubule epithelial cell in Kidney. The biological interpretation needs review or more specific annotation.	dat/kidney/kidney_cell_state_markers.gmt	dat/kidney/kidney_cell_state_markers.xlsx	unknown	kidney_kidney_distal_convoluted_tubule_epithelial_cell_dct1_magnesium_transport	DCT1 magnesium transport	kidney	Kidney
false	kidney_distal_convoluted_tubule_epithelial_cell	Kidney distal convoluted tubule epithelial cell	DCT2/connecting-tubule transition panel.	2026-05-26	DCT2 CNT transition	https://azimuth.hubmapconsortium.org/references/human_kidney/	needs_review	false	false	reviewed	10	1	portal_default	within_tissue_cell_type	DCT2 CNT transition is a curated marker panel for Kidney distal convoluted tubule epithelial cell in Kidney. The biological interpretation needs review or more specific annotation.	dat/kidney/kidney_cell_state_markers.gmt	dat/kidney/kidney_cell_state_markers.xlsx	unknown	kidney_kidney_distal_convoluted_tubule_epithelial_cell_dct2_cnt_transition	DCT2 CNT transition	kidney	Kidney
false	kidney_distal_convoluted_tubule_epithelial_cell	Kidney distal convoluted tubule epithelial cell	Generic distal tubular injury/stress program.	2026-05-26	DCT injury stress	https://www.nature.com/articles/s41586-023-05769-3	needs_review	false	false	reviewed	10	1	portal_flagged	within_tissue_cell_type	DCT injury stress is a curated marker panel for Kidney distal convoluted tubule epithelial cell in Kidney. The biological interpretation needs review or more specific annotation.	dat/kidney/kidney_cell_state_markers.gmt	dat/kidney/kidney_cell_state_markers.xlsx	unknown	kidney_kidney_distal_convoluted_tubule_epithelial_cell_dct_injury_stress	DCT injury stress	kidney	Kidney
false	kidney_distal_convoluted_tubule_epithelial_cell	Kidney distal convoluted tubule epithelial cell	Canonical DCT identity and electrolyte handling panel.	2026-05-26	Distal convoluted tubule identity	https://azimuth.hubmapconsortium.org/references/human_kidney/	continuous_gradient	false	false	reviewed	10	1	portal_default	within_tissue_cell_type	Distal convoluted tubule identity represents a curated identity or subtype marker program within Kidney distal convoluted tubule epithelial cell.	dat/kidney/kidney_cell_state_markers.gmt	dat/kidney/kidney_cell_state_markers.xlsx	broad_identity_gradient	kidney_kidney_distal_convoluted_tubule_epithelial_cell_distal_convoluted_tubule_identity	Distal convoluted tubule identity	kidney	Kidney
false	kidney_interstitial_alternatively_activated_macrophage	Kidney interstitial alternatively activated macrophage	Kidney reference M2-like/resident macrophage panel.	2026-05-26	M2 resident macrophage	https://azimuth.hubmapconsortium.org/references/human_kidney/	continuous_gradient	false	false	reviewed	10	1	portal_default	within_tissue_cell_type	M2 resident macrophage represents a curated identity or subtype marker program within Kidney interstitial alternatively activated macrophage.	dat/kidney/kidney_cell_state_markers.gmt	dat/kidney/kidney_cell_state_markers.xlsx	broad_identity_gradient	kidney_kidney_interstitial_alternatively_activated_macrophage_m2_resident_macrophage	M2 resident macrophage	kidney	Kidney
false	kidney_interstitial_alternatively_activated_macrophage	Kidney interstitial alternatively activated macrophage	Lipid/scavenger macrophage program; may overlap injury-associated macrophages.	2026-05-26	Scavenger lipid handling macrophage	https://www.nature.com/articles/s41586-023-05769-3	needs_review	false	false	reviewed	10	1	portal_default	within_tissue_cell_type	Scavenger lipid handling macrophage is a curated marker panel for Kidney interstitial alternatively activated macrophage in Kidney. The biological interpretation needs review or more specific annotation.	dat/kidney/kidney_cell_state_markers.gmt	dat/kidney/kidney_cell_state_markers.xlsx	unknown	kidney_kidney_interstitial_alternatively_activated_macrophage_scavenger_lipid_handling_macrophage	Scavenger lipid handling macrophage	kidney	Kidney
false	kidney_interstitial_alternatively_activated_macrophage	Kidney interstitial alternatively activated macrophage	Profibrotic macrophage-like program; requires disease-context QC.	2026-05-26	Wound healing profibrotic macrophage	https://pubmed.ncbi.nlm.nih.gov/33176333/	continuous_gradient	false	false	reviewed	10	1	portal_flagged	within_tissue_cell_type	Wound healing profibrotic macrophage captures remodeling, extracellular matrix, or transition-like activity in Kidney interstitial alternatively activated macrophage.	dat/kidney/kidney_cell_state_markers.gmt	dat/kidney/kidney_cell_state_markers.xlsx	process_gradient	kidney_kidney_interstitial_alternatively_activated_macrophage_wound_healing_profibrotic_macrophage	Wound healing profibrotic macrophage	kidney	Kidney
false	kidney_interstitial_cell	Kidney interstitial cell	Conservative renal fibroblast/interstitial ECM panel.	2026-05-26	Cortical fibroblast identity	https://pubmed.ncbi.nlm.nih.gov/33176333/	continuous_gradient	false	false	reviewed	10	1	portal_default	within_tissue_cell_type	Cortical fibroblast identity represents a curated identity or subtype marker program within Kidney interstitial cell.	dat/kidney/kidney_cell_state_markers.gmt	dat/kidney/kidney_cell_state_markers.xlsx	broad_identity_gradient	kidney_kidney_interstitial_cell_cortical_fibroblast_identity	Cortical fibroblast identity	kidney	Kidney
false	kidney_interstitial_cell	Kidney interstitial cell	Inflammatory stromal state; can be disease- and dissociation-associated.	2026-05-26	Inflammatory fibroblast	https://www.nature.com/articles/s41586-023-05769-3	continuous_gradient	false	false	reviewed	10	1	portal_flagged	within_tissue_cell_type	Inflammatory fibroblast represents inflammatory activation in Kidney interstitial cell.	dat/kidney/kidney_cell_state_markers.gmt	dat/kidney/kidney_cell_state_markers.xlsx	process_gradient	kidney_kidney_interstitial_cell_inflammatory_fibroblast	Inflammatory fibroblast	kidney	Kidney
false	kidney_interstitial_cell	Kidney interstitial cell	Medullary fibroblast-like panel from human kidney reference annotations.	2026-05-26	Medullary fibroblast identity	https://azimuth.hubmapconsortium.org/references/human_kidney/	continuous_gradient	false	false	reviewed	10	1	portal_default	within_tissue_cell_type	Medullary fibroblast identity represents a curated identity or subtype marker program within Kidney interstitial cell.	dat/kidney/kidney_cell_state_markers.gmt	dat/kidney/kidney_cell_state_markers.xlsx	broad_identity_gradient	kidney_kidney_interstitial_cell_medullary_fibroblast_identity	Medullary fibroblast identity	kidney	Kidney
false	kidney_interstitial_cell	Kidney interstitial cell	Fibrotic ECM-producing myofibroblast-like state.	2026-05-26	Myofibroblast fibrosis	https://pubmed.ncbi.nlm.nih.gov/33176333/	continuous_gradient	false	false	reviewed	10	1	portal_default	within_tissue_cell_type	Myofibroblast fibrosis captures remodeling, extracellular matrix, or transition-like activity in Kidney interstitial cell.	dat/kidney/kidney_cell_state_markers.gmt	dat/kidney/kidney_cell_state_markers.xlsx	process_gradient	kidney_kidney_interstitial_cell_myofibroblast_fibrosis	Myofibroblast fibrosis	kidney	Kidney
false	kidney_interstitial_cell	Kidney interstitial cell	Vascular mural/pericyte identity panel.	2026-05-26	Pericyte mural identity	https://azimuth.hubmapconsortium.org/references/human_kidney/	continuous_gradient	false	false	reviewed	10	1	portal_default	within_tissue_cell_type	Pericyte mural identity represents a curated identity or subtype marker program within Kidney interstitial cell.	dat/kidney/kidney_cell_state_markers.gmt	dat/kidney/kidney_cell_state_markers.xlsx	broad_identity_gradient	kidney_kidney_interstitial_cell_pericyte_mural_identity	Pericyte mural identity	kidney	Kidney
false	kidney_loop_of_henle_thick_ascending_limb_epithelial_cell	Kidney loop of Henle thick ascending limb epithelial cell	TAL adaptive repair-like state.	2026-05-26	Adaptive repair TAL	https://www.nature.com/articles/s41586-023-05769-3	needs_review	false	false	reviewed	10	1	portal_default	within_tissue_cell_type	Adaptive repair TAL is a curated marker panel for Kidney loop of Henle thick ascending limb epithelial cell in Kidney. The biological interpretation needs review or more specific annotation.	dat/kidney/kidney_cell_state_markers.gmt	dat/kidney/kidney_cell_state_markers.xlsx	unknown	kidney_kidney_loop_of_henle_thick_ascending_limb_epithelial_cell_adaptive_repair_tal	Adaptive repair TAL	kidney	Kidney
false	kidney_loop_of_henle_thick_ascending_limb_epithelial_cell	Kidney loop of Henle thick ascending limb epithelial cell	Cortical TAL/macula-densa-like panel.	2026-05-26	Cortical TAL macula densa	https://azimuth.hubmapconsortium.org/references/human_kidney/	needs_review	false	false	reviewed	10	1	portal_default	within_tissue_cell_type	Cortical TAL macula densa is a curated marker panel for Kidney loop of Henle thick ascending limb epithelial cell in Kidney. The biological interpretation needs review or more specific annotation.	dat/kidney/kidney_cell_state_markers.gmt	dat/kidney/kidney_cell_state_markers.xlsx	unknown	kidney_kidney_loop_of_henle_thick_ascending_limb_epithelial_cell_cortical_tal_macula_densa	Cortical TAL macula densa	kidney	Kidney
false	kidney_loop_of_henle_thick_ascending_limb_epithelial_cell	Kidney loop of Henle thick ascending limb epithelial cell	Generic TAL stress/degenerative state.	2026-05-26	Degenerative stress TAL	https://www.nature.com/articles/s41586-023-05769-3	needs_review	false	false	reviewed	10	1	portal_flagged	within_tissue_cell_type	Degenerative stress TAL is a curated marker panel for Kidney loop of Henle thick ascending limb epithelial cell in Kidney. The biological interpretation needs review or more specific annotation.	dat/kidney/kidney_cell_state_markers.gmt	dat/kidney/kidney_cell_state_markers.xlsx	unknown	kidney_kidney_loop_of_henle_thick_ascending_limb_epithelial_cell_degenerative_stress_tal	Degenerative stress TAL	kidney	Kidney
false	kidney_loop_of_henle_thick_ascending_limb_epithelial_cell	Kidney loop of Henle thick ascending limb epithelial cell	Medullary TAL/osmotic transport panel.	2026-05-26	Medullary TAL osmotic transport	https://azimuth.hubmapconsortium.org/references/human_kidney/	needs_review	false	false	reviewed	10	1	portal_default	within_tissue_cell_type	Medullary TAL osmotic transport is a curated marker panel for Kidney loop of Henle thick ascending limb epithelial cell in Kidney. The biological interpretation needs review or more specific annotation.	dat/kidney/kidney_cell_state_markers.gmt	dat/kidney/kidney_cell_state_markers.xlsx	unknown	kidney_kidney_loop_of_henle_thick_ascending_limb_epithelial_cell_medullary_tal_osmotic_transport	Medullary TAL osmotic transport	kidney	Kidney
false	kidney_loop_of_henle_thick_ascending_limb_epithelial_cell	Kidney loop of Henle thick ascending limb epithelial cell	Canonical TAL salt handling and segment identity panel.	2026-05-26	Thick ascending limb identity	https://pmc.ncbi.nlm.nih.gov/articles/PMC8044133/	continuous_gradient	false	false	reviewed	10	1	portal_default	within_tissue_cell_type	Thick ascending limb identity represents a curated identity or subtype marker program within Kidney loop of Henle thick ascending limb epithelial cell.	dat/kidney/kidney_cell_state_markers.gmt	dat/kidney/kidney_cell_state_markers.xlsx	broad_identity_gradient	kidney_kidney_loop_of_henle_thick_ascending_limb_epithelial_cell_thick_ascending_limb_identity	Thick ascending limb identity	kidney	Kidney
false	kidney_loop_of_henle_thin_ascending_limb_epithelial_cell	Kidney loop of Henle thin ascending limb epithelial cell	Human kidney reference markers for ascending thin limb.	2026-05-26	Ascending thin limb identity	https://azimuth.hubmapconsortium.org/references/human_kidney/	continuous_gradient	false	false	reviewed	10	1	portal_default	within_tissue_cell_type	Ascending thin limb identity represents a curated identity or subtype marker program within Kidney loop of Henle thin ascending limb epithelial cell.	dat/kidney/kidney_cell_state_markers.gmt	dat/kidney/kidney_cell_state_markers.xlsx	broad_identity_gradient	kidney_kidney_loop_of_henle_thin_ascending_limb_epithelial_cell_ascending_thin_limb_identity	Ascending thin limb identity	kidney	Kidney
false	kidney_loop_of_henle_thin_ascending_limb_epithelial_cell	Kidney loop of Henle thin ascending limb epithelial cell	Generic epithelial stress/degenerative state.	2026-05-26	Thin limb epithelial stress	https://www.nature.com/articles/s41586-023-05769-3	needs_review	false	false	reviewed	10	1	portal_flagged	within_tissue_cell_type	Thin limb epithelial stress is a curated marker panel for Kidney loop of Henle thin ascending limb epithelial cell in Kidney. The biological interpretation needs review or more specific annotation.	dat/kidney/kidney_cell_state_markers.gmt	dat/kidney/kidney_cell_state_markers.xlsx	unknown	kidney_kidney_loop_of_henle_thin_ascending_limb_epithelial_cell_thin_limb_epithelial_stress	Thin limb epithelial stress	kidney	Kidney
false	kidney_loop_of_henle_thin_ascending_limb_epithelial_cell	Kidney loop of Henle thin ascending limb epithelial cell	Generic epithelial injury/repair transition.	2026-05-26	Thin limb repair transition	https://www.nature.com/articles/s41586-023-05769-3	needs_review	false	false	reviewed	10	1	portal_flagged	within_tissue_cell_type	Thin limb repair transition is a curated marker panel for Kidney loop of Henle thin ascending limb epithelial cell in Kidney. The biological interpretation needs review or more specific annotation.	dat/kidney/kidney_cell_state_markers.gmt	dat/kidney/kidney_cell_state_markers.xlsx	unknown	kidney_kidney_loop_of_henle_thin_ascending_limb_epithelial_cell_thin_limb_repair_transition	Thin limb repair transition	kidney	Kidney
false	kidney_loop_of_henle_thin_descending_limb_epithelial_cell	Kidney loop of Henle thin descending limb epithelial cell	Human kidney reference markers for descending thin limb.	2026-05-26	Descending thin limb identity	https://azimuth.hubmapconsortium.org/references/human_kidney/	continuous_gradient	false	false	reviewed	10	1	portal_default	within_tissue_cell_type	Descending thin limb identity represents a curated identity or subtype marker program within Kidney loop of Henle thin descending limb epithelial cell.	dat/kidney/kidney_cell_state_markers.gmt	dat/kidney/kidney_cell_state_markers.xlsx	broad_identity_gradient	kidney_kidney_loop_of_henle_thin_descending_limb_epithelial_cell_descending_thin_limb_identity	Descending thin limb identity	kidney	Kidney
false	kidney_loop_of_henle_thin_descending_limb_epithelial_cell	Kidney loop of Henle thin descending limb epithelial cell	Subtype marker panel from the human kidney reference.	2026-05-26	Descending thin limb type 1	https://azimuth.hubmapconsortium.org/references/human_kidney/	needs_review	false	false	reviewed	8	1	portal_default	within_tissue_cell_type	Descending thin limb type 1 is a curated marker panel for Kidney loop of Henle thin descending limb epithelial cell in Kidney. The biological interpretation needs review or more specific annotation.	dat/kidney/kidney_cell_state_markers.gmt	dat/kidney/kidney_cell_state_markers.xlsx	unknown	kidney_kidney_loop_of_henle_thin_descending_limb_epithelial_cell_descending_thin_limb_type_1	Descending thin limb type 1	kidney	Kidney
false	kidney_loop_of_henle_thin_descending_limb_epithelial_cell	Kidney loop of Henle thin descending limb epithelial cell	Subtype marker panel from the human kidney reference.	2026-05-26	Descending thin limb type 2 3	https://azimuth.hubmapconsortium.org/references/human_kidney/	needs_review	false	false	reviewed	10	1	portal_default	within_tissue_cell_type	Descending thin limb type 2 3 is a curated marker panel for Kidney loop of Henle thin descending limb epithelial cell in Kidney. The biological interpretation needs review or more specific annotation.	dat/kidney/kidney_cell_state_markers.gmt	dat/kidney/kidney_cell_state_markers.xlsx	unknown	kidney_kidney_loop_of_henle_thin_descending_limb_epithelial_cell_descending_thin_limb_type_2_3	Descending thin limb type 2 3	kidney	Kidney
false	kidney_loop_of_henle_thin_descending_limb_epithelial_cell	Kidney loop of Henle thin descending limb epithelial cell	Generic thin-limb stress/repair program.	2026-05-26	Thin descending limb stress repair	https://www.nature.com/articles/s41586-023-05769-3	needs_review	false	false	reviewed	10	1	portal_flagged	within_tissue_cell_type	Thin descending limb stress repair is a curated marker panel for Kidney loop of Henle thin descending limb epithelial cell in Kidney. The biological interpretation needs review or more specific annotation.	dat/kidney/kidney_cell_state_markers.gmt	dat/kidney/kidney_cell_state_markers.xlsx	unknown	kidney_kidney_loop_of_henle_thin_descending_limb_epithelial_cell_thin_descending_limb_stress_repair	Thin descending limb stress repair	kidney	Kidney
false	mast_cell	Mast cell	Activated mast-cell program.	2026-05-26	Activated mast cell	https://academic.oup.com/nar/article/51/D1/D870/6775381	needs_review	false	false	reviewed	10	1	portal_flagged	within_tissue_cell_type	Activated mast cell is a curated marker panel for Mast cell in Kidney. The biological interpretation needs review or more specific annotation.	dat/kidney/kidney_cell_state_markers.gmt	dat/kidney/kidney_cell_state_markers.xlsx	unknown	kidney_mast_cell_activated_mast_cell	Activated mast cell	kidney	Kidney
false	mast_cell	Mast cell	Inflammatory mast-cell cytokine/chemokine program.	2026-05-26	Cytokine chemokine mast cell	https://academic.oup.com/nar/article/51/D1/D870/6775381	continuous_gradient	false	false	reviewed	10	1	portal_flagged	within_tissue_cell_type	Cytokine chemokine mast cell represents inflammatory activation in Mast cell.	dat/kidney/kidney_cell_state_markers.gmt	dat/kidney/kidney_cell_state_markers.xlsx	process_gradient	kidney_mast_cell_cytokine_chemokine_mast_cell	Cytokine chemokine mast cell	kidney	Kidney
false	mast_cell	Mast cell	Canonical mast-cell identity panel.	2026-05-26	Mast cell identity	https://azimuth.hubmapconsortium.org/references/human_kidney/	continuous_gradient	false	false	reviewed	10	1	portal_default	within_tissue_cell_type	Mast cell identity represents a curated identity or subtype marker program within Mast cell.	dat/kidney/kidney_cell_state_markers.gmt	dat/kidney/kidney_cell_state_markers.xlsx	broad_identity_gradient	kidney_mast_cell_mast_cell_identity	Mast cell identity	kidney	Kidney
false	mature_nk_t_cell	Mature NK T cell	Activated cytotoxic NK/T program.	2026-05-26	Cytotoxic activated NK T cell	https://academic.oup.com/nar/article/51/D1/D870/6775381	needs_review	false	false	reviewed	10	1	portal_default	within_tissue_cell_type	Cytotoxic activated NK T cell is a curated marker panel for Mature NK T cell in Kidney. The biological interpretation needs review or more specific annotation.	dat/kidney/kidney_cell_state_markers.gmt	dat/kidney/kidney_cell_state_markers.xlsx	unknown	kidney_mature_nk_t_cell_cytotoxic_activated_nk_t_cell	Cytotoxic activated NK T cell	kidney	Kidney
false	mature_nk_t_cell	Mature NK T cell	NK/T-like identity panel; broad rather than invariant NKT-only.	2026-05-26	NK T identity	https://azimuth.hubmapconsortium.org/references/human_kidney/	continuous_gradient	false	false	reviewed	10	1	portal_default	within_tissue_cell_type	NK T identity represents a curated identity or subtype marker program within Mature NK T cell.	dat/kidney/kidney_cell_state_markers.gmt	dat/kidney/kidney_cell_state_markers.xlsx	broad_identity_gradient	kidney_mature_nk_t_cell_nk_t_identity	NK T identity	kidney	Kidney
false	mature_nk_t_cell	Mature NK T cell	Regulated/exhausted NK/T state; requires context validation.	2026-05-26	Regulated exhausted NK T cell	https://academic.oup.com/nar/article/51/D1/D870/6775381	needs_review	false	false	reviewed	10	1	portal_flagged	within_tissue_cell_type	Regulated exhausted NK T cell is a curated marker panel for Mature NK T cell in Kidney. The biological interpretation needs review or more specific annotation.	dat/kidney/kidney_cell_state_markers.gmt	dat/kidney/kidney_cell_state_markers.xlsx	unknown	kidney_mature_nk_t_cell_regulated_exhausted_nk_t_cell	Regulated exhausted NK T cell	kidney	Kidney
false	monocyte	Monocyte	Canonical classical monocyte panel.	2026-05-26	Classical monocyte identity	https://academic.oup.com/nar/article/51/D1/D870/6775381	continuous_gradient	false	false	reviewed	10	1	portal_default	within_tissue_cell_type	Classical monocyte identity represents a curated identity or subtype marker program within Monocyte.	dat/kidney/kidney_cell_state_markers.gmt	dat/kidney/kidney_cell_state_markers.xlsx	broad_identity_gradient	kidney_monocyte_classical_monocyte_identity	Classical monocyte identity	kidney	Kidney
false	monocyte	Monocyte	Inflammatory monocyte activation state.	2026-05-26	Inflammatory monocyte	https://academic.oup.com/nar/article/51/D1/D870/6775381	continuous_gradient	false	false	reviewed	10	1	portal_flagged	within_tissue_cell_type	Inflammatory monocyte represents inflammatory activation in Monocyte.	dat/kidney/kidney_cell_state_markers.gmt	dat/kidney/kidney_cell_state_markers.xlsx	process_gradient	kidney_monocyte_inflammatory_monocyte	Inflammatory monocyte	kidney	Kidney
false	monocyte	Monocyte	Macrophage-differentiation program in mononuclear phagocytes.	2026-05-26	Monocyte to macrophage transition	https://pmc.ncbi.nlm.nih.gov/articles/PMC9741629/	needs_review	false	false	reviewed	10	1	portal_default	within_tissue_cell_type	Monocyte to macrophage transition is a curated marker panel for Monocyte in Kidney. The biological interpretation needs review or more specific annotation.	dat/kidney/kidney_cell_state_markers.gmt	dat/kidney/kidney_cell_state_markers.xlsx	unknown	kidney_monocyte_monocyte_to_macrophage_transition	Monocyte to macrophage transition	kidney	Kidney
false	mononuclear_phagocyte	Mononuclear phagocyte	MHC class II antigen-presentation program.	2026-05-26	Antigen presenting phagocyte	https://pmc.ncbi.nlm.nih.gov/articles/PMC9741629/	continuous_gradient	false	false	reviewed	10	1	portal_default	within_tissue_cell_type	Interferon / MHC response captures inflammatory, antiviral, and antigen-presentation activity within the parent cell type.	dat/kidney/kidney_cell_state_markers.gmt	dat/kidney/kidney_cell_state_markers.xlsx	process_gradient	kidney_mononuclear_phagocyte_antigen_presenting_phagocyte	Antigen presenting phagocyte	kidney	Kidney
true	mononuclear_phagocyte	Mononuclear phagocyte	Cell-cycle state; interpret as proliferative state, not a lineage identity.	2026-05-26	Cycling phagocyte	https://azimuth.hubmapconsortium.org/references/human_kidney/	continuous_or_hard_callable_if_separable	false	false	reviewed	10	2	portal_flagged	within_tissue_cell_type	Proliferation / cell cycle captures cycling cells using canonical S/G2M and mitotic markers.	dat/kidney/kidney_cell_state_markers.gmt	dat/kidney/kidney_cell_state_markers.xlsx	rare_process	kidney_mononuclear_phagocyte_cycling_phagocyte	Cycling phagocyte	kidney	Kidney
false	mononuclear_phagocyte	Mononuclear phagocyte	Inflammatory/lipid-handling phagocyte program common in diseased tissue.	2026-05-26	Inflammatory phagocyte	https://www.nature.com/articles/s41586-023-05769-3	continuous_gradient	false	false	reviewed	10	1	portal_default	within_tissue_cell_type	Inflammatory phagocyte represents inflammatory activation in Mononuclear phagocyte.	dat/kidney/kidney_cell_state_markers.gmt	dat/kidney/kidney_cell_state_markers.xlsx	process_gradient	kidney_mononuclear_phagocyte_inflammatory_phagocyte	Inflammatory phagocyte	kidney	Kidney
false	mononuclear_phagocyte	Mononuclear phagocyte	Shared interferon program.	2026-05-26	Interferon response phagocyte	https://www.nature.com/articles/s41586-023-05769-3	continuous_gradient	false	false	reviewed	10	2	portal_flagged	within_tissue_cell_type	Interferon / MHC response captures inflammatory, antiviral, and antigen-presentation activity within the parent cell type.	dat/kidney/kidney_cell_state_markers.gmt	dat/kidney/kidney_cell_state_markers.xlsx	process_gradient	kidney_mononuclear_phagocyte_interferon_response_phagocyte	Interferon response phagocyte	kidney	Kidney
false	mononuclear_phagocyte	Mononuclear phagocyte	Tissue-resident macrophage-like phagocyte panel.	2026-05-26	Resident macrophage	https://pmc.ncbi.nlm.nih.gov/articles/PMC9741629/	continuous_gradient	false	false	reviewed	10	1	portal_default	within_tissue_cell_type	Resident macrophage represents a curated identity or subtype marker program within Mononuclear phagocyte.	dat/kidney/kidney_cell_state_markers.gmt	dat/kidney/kidney_cell_state_markers.xlsx	broad_identity_gradient	kidney_mononuclear_phagocyte_resident_macrophage	Resident macrophage	kidney	Kidney
false	nk_cell	NK cell	Activated cytokine-producing NK-cell panel.	2026-05-26	Activated cytokine NK cell	https://academic.oup.com/nar/article/51/D1/D870/6775381	needs_review	false	false	reviewed	10	1	portal_default	within_tissue_cell_type	Activated cytokine NK cell is a curated marker panel for NK cell in Kidney. The biological interpretation needs review or more specific annotation.	dat/kidney/kidney_cell_state_markers.gmt	dat/kidney/kidney_cell_state_markers.xlsx	unknown	kidney_nk_cell_activated_cytokine_nk_cell	Activated cytokine NK cell	kidney	Kidney
false	nk_cell	NK cell	Adaptive/regulatory NK-like panel; KIR genes can vary by donor/genotype.	2026-05-26	Adaptive regulatory NK cell	https://academic.oup.com/nar/article/51/D1/D870/6775381	needs_review	false	false	reviewed	10	1	portal_default	within_tissue_cell_type	Adaptive regulatory NK cell is a curated marker panel for NK cell in Kidney. The biological interpretation needs review or more specific annotation.	dat/kidney/kidney_cell_state_markers.gmt	dat/kidney/kidney_cell_state_markers.xlsx	unknown	kidney_nk_cell_adaptive_regulatory_nk_cell	Adaptive regulatory NK cell	kidney	Kidney
false	nk_cell	NK cell	Canonical cytotoxic NK-cell panel.	2026-05-26	Cytotoxic NK cell	https://academic.oup.com/nar/article/51/D1/D870/6775381	needs_review	false	false	reviewed	10	1	portal_default	within_tissue_cell_type	Cytotoxic NK cell is a curated marker panel for NK cell in Kidney. The biological interpretation needs review or more specific annotation.	dat/kidney/kidney_cell_state_markers.gmt	dat/kidney/kidney_cell_state_markers.xlsx	unknown	kidney_nk_cell_cytotoxic_nk_cell	Cytotoxic NK cell	kidney	Kidney
false	nk_cell	NK cell	Shared type I interferon program.	2026-05-26	Interferon response NK cell	https://academic.oup.com/nar/article/51/D1/D870/6775381	continuous_gradient	false	false	reviewed	10	2	portal_flagged	within_tissue_cell_type	Interferon / MHC response captures inflammatory, antiviral, and antigen-presentation activity within the parent cell type.	dat/kidney/kidney_cell_state_markers.gmt	dat/kidney/kidney_cell_state_markers.xlsx	process_gradient	kidney_nk_cell_interferon_response_nk_cell	Interferon response NK cell	kidney	Kidney
false	non_classical_monocyte	Non-classical monocyte	Classical/inflammatory transition; can indicate mixed monocyte states.	2026-05-26	Inflammatory transition monocyte	https://academic.oup.com/nar/article/51/D1/D870/6775381	continuous_gradient	false	false	reviewed	10	1	portal_flagged	within_tissue_cell_type	Inflammatory transition monocyte represents inflammatory activation in Non-classical monocyte.	dat/kidney/kidney_cell_state_markers.gmt	dat/kidney/kidney_cell_state_markers.xlsx	process_gradient	kidney_non_classical_monocyte_inflammatory_transition_monocyte	Inflammatory transition monocyte	kidney	Kidney
false	non_classical_monocyte	Non-classical monocyte	Shared interferon program.	2026-05-26	Interferon response non-classical monocyte	https://academic.oup.com/nar/article/51/D1/D870/6775381	continuous_gradient	false	false	reviewed	10	2	portal_flagged	within_tissue_cell_type	Interferon / MHC response captures inflammatory, antiviral, and antigen-presentation activity within the parent cell type.	dat/kidney/kidney_cell_state_markers.gmt	dat/kidney/kidney_cell_state_markers.xlsx	process_gradient	kidney_non_classical_monocyte_interferon_response_non_classical_monocyte	Interferon response non-classical monocyte	kidney	Kidney
false	non_classical_monocyte	Non-classical monocyte	Canonical non-classical/patrolling monocyte panel.	2026-05-26	Patrolling non-classical monocyte identity	https://academic.oup.com/nar/article/51/D1/D870/6775381	continuous_gradient	false	false	reviewed	10	1	portal_default	within_tissue_cell_type	Patrolling non-classical monocyte identity represents a curated identity or subtype marker program within Non-classical monocyte.	dat/kidney/kidney_cell_state_markers.gmt	dat/kidney/kidney_cell_state_markers.xlsx	broad_identity_gradient	kidney_non_classical_monocyte_patrolling_non_classical_monocyte_identity	Patrolling non-classical monocyte identity	kidney	Kidney
true	parietal_epithelial_cell	Parietal epithelial cell	Activated/proliferative PEC-like state; disease-context dependent.	2026-05-26	Activated proliferative PEC	https://www.nature.com/articles/s41586-023-05769-3	continuous_or_hard_callable_if_separable	false	false	reviewed	10	2	portal_flagged	within_tissue_cell_type	Proliferation / cell cycle captures cycling cells using canonical S/G2M and mitotic markers.	dat/kidney/kidney_cell_state_markers.gmt	dat/kidney/kidney_cell_state_markers.xlsx	rare_process	kidney_parietal_epithelial_cell_activated_proliferative_pec	Activated proliferative PEC	kidney	Kidney
false	parietal_epithelial_cell	Parietal epithelial cell	Crescentic/fibrotic PEC-like state; use as disease-associated flag.	2026-05-26	Crescentic fibrotic PEC	https://www.nature.com/articles/s41586-023-05769-3	continuous_gradient	false	false	reviewed	10	1	portal_flagged	within_tissue_cell_type	Crescentic fibrotic PEC captures remodeling, extracellular matrix, or transition-like activity in Parietal epithelial cell.	dat/kidney/kidney_cell_state_markers.gmt	dat/kidney/kidney_cell_state_markers.xlsx	process_gradient	kidney_parietal_epithelial_cell_crescentic_fibrotic_pec	Crescentic fibrotic PEC	kidney	Kidney
false	parietal_epithelial_cell	Parietal epithelial cell	Conservative parietal epithelial cell identity panel.	2026-05-26	Parietal epithelial cell identity	https://azimuth.hubmapconsortium.org/references/human_kidney/	continuous_gradient	false	false	reviewed	10	1	portal_default	within_tissue_cell_type	Parietal epithelial cell identity represents a curated identity or subtype marker program within Parietal epithelial cell.	dat/kidney/kidney_cell_state_markers.gmt	dat/kidney/kidney_cell_state_markers.xlsx	broad_identity_gradient	kidney_parietal_epithelial_cell_parietal_epithelial_cell_identity	Parietal epithelial cell identity	kidney	Kidney
false	parietal_epithelial_cell	Parietal epithelial cell	Transition/proximalization panel; may indicate tubular contamination or repair.	2026-05-26	Proximalized PEC transition	https://www.nature.com/articles/s41586-023-05769-3	needs_review	false	false	reviewed	10	1	portal_flagged	within_tissue_cell_type	Proximalized PEC transition is a curated marker panel for Parietal epithelial cell in Kidney. The biological interpretation needs review or more specific annotation.	dat/kidney/kidney_cell_state_markers.gmt	dat/kidney/kidney_cell_state_markers.xlsx	unknown	kidney_parietal_epithelial_cell_proximalized_pec_transition	Proximalized PEC transition	kidney	Kidney
false	plasma_cell	Plasma cell	Secretory pathway/ER folding program in plasma cells.	2026-05-26	Antibody secretion ER program	https://academic.oup.com/nar/article/51/D1/D870/6775381	needs_review	false	false	reviewed	10	1	portal_default	within_tissue_cell_type	Antibody secretion ER program is a curated marker panel for Plasma cell in Kidney. The biological interpretation needs review or more specific annotation.	dat/kidney/kidney_cell_state_markers.gmt	dat/kidney/kidney_cell_state_markers.xlsx	unknown	kidney_plasma_cell_antibody_secretion_er_program	Antibody secretion ER program	kidney	Kidney
false	plasma_cell	Plasma cell	Shared type I interferon program.	2026-05-26	Interferon response plasma cell	https://academic.oup.com/nar/article/51/D1/D870/6775381	continuous_gradient	false	false	reviewed	10	2	portal_flagged	within_tissue_cell_type	Interferon / MHC response captures inflammatory, antiviral, and antigen-presentation activity within the parent cell type.	dat/kidney/kidney_cell_state_markers.gmt	dat/kidney/kidney_cell_state_markers.xlsx	process_gradient	kidney_plasma_cell_interferon_response_plasma_cell	Interferon response plasma cell	kidney	Kidney
false	plasma_cell	Plasma cell	Canonical antibody-secreting plasma-cell identity panel.	2026-05-26	Plasma cell identity	https://academic.oup.com/nar/article/51/D1/D870/6775381	continuous_gradient	false	false	reviewed	10	1	portal_default	within_tissue_cell_type	Plasma cell identity represents a curated identity or subtype marker program within Plasma cell.	dat/kidney/kidney_cell_state_markers.gmt	dat/kidney/kidney_cell_state_markers.xlsx	broad_identity_gradient	kidney_plasma_cell_plasma_cell_identity	Plasma cell identity	kidney	Kidney
false	plasmacytoid_dendritic_cell	Plasmacytoid dendritic cell	pDC antigen-presentation program.	2026-05-26	Antigen presenting pDC	https://academic.oup.com/nar/article/51/D1/D870/6775381	continuous_gradient	false	false	reviewed	10	1	portal_default	within_tissue_cell_type	Interferon / MHC response captures inflammatory, antiviral, and antigen-presentation activity within the parent cell type.	dat/kidney/kidney_cell_state_markers.gmt	dat/kidney/kidney_cell_state_markers.xlsx	process_gradient	kidney_plasmacytoid_dendritic_cell_antigen_presenting_pdc	Antigen presenting pDC	kidney	Kidney
false	plasmacytoid_dendritic_cell	Plasmacytoid dendritic cell	Canonical human pDC identity panel.	2026-05-26	PDC identity	https://academic.oup.com/nar/article/51/D1/D870/6775381	continuous_gradient	false	false	reviewed	10	1	portal_default	within_tissue_cell_type	PDC identity represents a curated identity or subtype marker program within Plasmacytoid dendritic cell.	dat/kidney/kidney_cell_state_markers.gmt	dat/kidney/kidney_cell_state_markers.xlsx	broad_identity_gradient	kidney_plasmacytoid_dendritic_cell_pdc_identity	PDC identity	kidney	Kidney
false	plasmacytoid_dendritic_cell	Plasmacytoid dendritic cell	Activated pDC/type I interferon state; lowly detected interferon genes may be sparse.	2026-05-26	Type I interferon activated pDC	https://academic.oup.com/nar/article/51/D1/D870/6775381	continuous_gradient	false	false	reviewed	10	2	portal_flagged	within_tissue_cell_type	Interferon / MHC response captures inflammatory, antiviral, and antigen-presentation activity within the parent cell type.	dat/kidney/kidney_cell_state_markers.gmt	dat/kidney/kidney_cell_state_markers.xlsx	process_gradient	kidney_plasmacytoid_dendritic_cell_type_i_interferon_activated_pdc	Type I interferon activated pDC	kidney	Kidney
false	podocyte	Podocyte	Inflammatory/IFN-like podocyte stress; should be QC-validated.	2026-05-26	Inflammatory stressed podocyte	https://www.nature.com/articles/s41586-023-05769-3	continuous_gradient	false	false	reviewed	10	1	portal_flagged	within_tissue_cell_type	Inflammatory stressed podocyte represents inflammatory activation in Podocyte.	dat/kidney/kidney_cell_state_markers.gmt	dat/kidney/kidney_cell_state_markers.xlsx	process_gradient	kidney_podocyte_inflammatory_stressed_podocyte	Inflammatory stressed podocyte	kidney	Kidney
false	podocyte	Podocyte	Podocyte injury/dedifferentiation stress program.	2026-05-26	Injured dedifferentiating podocyte	https://www.nature.com/articles/s41586-023-05769-3	needs_review	false	false	reviewed	10	1	portal_flagged	within_tissue_cell_type	Injured dedifferentiating podocyte is a curated marker panel for Podocyte in Kidney. The biological interpretation needs review or more specific annotation.	dat/kidney/kidney_cell_state_markers.gmt	dat/kidney/kidney_cell_state_markers.xlsx	unknown	kidney_podocyte_injured_dedifferentiating_podocyte	Injured dedifferentiating podocyte	kidney	Kidney
false	podocyte	Podocyte	Canonical glomerular podocyte identity panel.	2026-05-26	Podocyte identity	https://azimuth.hubmapconsortium.org/references/human_kidney/	continuous_gradient	false	false	reviewed	10	1	portal_default	within_tissue_cell_type	Podocyte identity represents a curated identity or subtype marker program within Podocyte.	dat/kidney/kidney_cell_state_markers.gmt	dat/kidney/kidney_cell_state_markers.xlsx	broad_identity_gradient	kidney_podocyte_podocyte_identity	Podocyte identity	kidney	Kidney
false	podocyte	Podocyte	Slit diaphragm/cytoskeletal filtration panel.	2026-05-26	Slit diaphragm filtration	https://azimuth.hubmapconsortium.org/references/human_kidney/	needs_review	false	false	reviewed	10	1	portal_default	within_tissue_cell_type	Slit diaphragm filtration is a curated marker panel for Podocyte in Kidney. The biological interpretation needs review or more specific annotation.	dat/kidney/kidney_cell_state_markers.gmt	dat/kidney/kidney_cell_state_markers.xlsx	unknown	kidney_podocyte_slit_diaphragm_filtration	Slit diaphragm filtration	kidney	Kidney
false	t_cell	T cell	Activation/exhaustion is context-dependent and may reflect inflammation.	2026-05-26	Activated exhausted T cell	https://academic.oup.com/nar/article/51/D1/D870/6775381	needs_review	false	false	reviewed	10	1	portal_flagged	within_tissue_cell_type	Activated exhausted T cell is a curated marker panel for T cell in Kidney. The biological interpretation needs review or more specific annotation.	dat/kidney/kidney_cell_state_markers.gmt	dat/kidney/kidney_cell_state_markers.xlsx	unknown	kidney_t_cell_activated_exhausted_t_cell	Activated exhausted T cell	kidney	Kidney
false	t_cell	T cell	Shared type I interferon program, not T-cell specific.	2026-05-26	Interferon response T cell	https://academic.oup.com/nar/article/51/D1/D870/6775381	continuous_gradient	false	false	reviewed	10	2	portal_flagged	within_tissue_cell_type	Interferon / MHC response captures inflammatory, antiviral, and antigen-presentation activity within the parent cell type.	dat/kidney/kidney_cell_state_markers.gmt	dat/kidney/kidney_cell_state_markers.xlsx	process_gradient	kidney_t_cell_interferon_response_t_cell	Interferon response T cell	kidney	Kidney
false	t_cell	T cell	Conservative naive/central-memory T-cell panel.	2026-05-26	Naive central memory T cell	https://academic.oup.com/nar/article/51/D1/D870/6775381	needs_review	false	false	reviewed	10	1	portal_default	within_tissue_cell_type	Naive central memory T cell is a curated marker panel for T cell in Kidney. The biological interpretation needs review or more specific annotation.	dat/kidney/kidney_cell_state_markers.gmt	dat/kidney/kidney_cell_state_markers.xlsx	unknown	kidney_t_cell_naive_central_memory_t_cell	Naive central memory T cell	kidney	Kidney
false	t_cell	T cell	Treg-like panel; FOXP3/IL2RA/CTLA4 drive specificity.	2026-05-26	Regulatory T cell	https://academic.oup.com/nar/article/51/D1/D870/6775381	needs_review	false	false	reviewed	10	1	portal_default	within_tissue_cell_type	Regulatory T cell is a curated marker panel for T cell in Kidney. The biological interpretation needs review or more specific annotation.	dat/kidney/kidney_cell_state_markers.gmt	dat/kidney/kidney_cell_state_markers.xlsx	unknown	kidney_t_cell_regulatory_t_cell	Regulatory T cell	kidney	Kidney
false	b_cell	B cell	Activated B cell antigen-presentation program; generic immune activation.	2026-05-26	Activated antigen presentation b cell	Zhao et al., Cell Discovery 2020 | https://www.nature.com/articles/s41421-020-0157-z	needs_review	false	false	reviewed	10	1	portal_flagged	within_tissue_cell_type	Activated antigen presentation b cell is a curated marker panel for B cell in Liver. The biological interpretation needs review or more specific annotation.	dat/liver/liver_cell_state_markers.gmt	dat/liver/liver_cell_state_markers.xlsx	unknown	liver_b_cell_activated_antigen_presentation_b_cell	Activated antigen presentation b cell	liver	Liver
false	b_cell	B cell	Broad B cell identity and antigen-presentation markers.	2026-05-26	B cell identity	Zhao et al., Cell Discovery 2020 | https://www.nature.com/articles/s41421-020-0157-z	continuous_gradient	false	false	reviewed	10	1	portal_default	within_tissue_cell_type	B cell identity represents a curated identity or subtype marker program within B cell.	dat/liver/liver_cell_state_markers.gmt	dat/liver/liver_cell_state_markers.xlsx	broad_identity_gradient	liver_b_cell_b_cell_identity	B cell identity	liver	Liver
false	b_cell	B cell	Memory B cell program; immunoglobulin genes may vary by isotype and tissue context.	2026-05-26	Memory b cell	Hao et al., Nature Genetics 2022 | https://pmc.ncbi.nlm.nih.gov/articles/PMC9633381/	needs_review	false	false	reviewed	10	1	portal_default	within_tissue_cell_type	Memory b cell is a curated marker panel for B cell in Liver. The biological interpretation needs review or more specific annotation.	dat/liver/liver_cell_state_markers.gmt	dat/liver/liver_cell_state_markers.xlsx	unknown	liver_b_cell_memory_b_cell	Memory b cell	liver	Liver
false	b_cell	B cell	Naive B cell markers.	2026-05-26	Naive b cell	Hao et al., Nature Genetics 2022 | https://pmc.ncbi.nlm.nih.gov/articles/PMC9633381/	needs_review	false	false	reviewed	10	1	portal_default	within_tissue_cell_type	Naive b cell is a curated marker panel for B cell in Liver. The biological interpretation needs review or more specific annotation.	dat/liver/liver_cell_state_markers.gmt	dat/liver/liver_cell_state_markers.xlsx	unknown	liver_b_cell_naive_b_cell	Naive b cell	liver	Liver
false	b_cell	B cell	Plasma cell and antibody-secreting cell markers.	2026-05-26	Plasma cell	Hao et al., Nature Genetics 2022 | https://pmc.ncbi.nlm.nih.gov/articles/PMC9633381/	needs_review	false	false	reviewed	10	1	portal_default	within_tissue_cell_type	Plasma cell is a curated marker panel for B cell in Liver. The biological interpretation needs review or more specific annotation.	dat/liver/liver_cell_state_markers.gmt	dat/liver/liver_cell_state_markers.xlsx	unknown	liver_b_cell_plasma_cell	Plasma cell	liver	Liver
false	cholangiocyte	Cholangiocyte	Canonical bile duct epithelial/cholangiocyte identity markers.	2026-05-26	Cholangiocyte identity	Aizarani et al., Nature 2019 | https://www.nature.com/articles/s41586-019-1373-2	continuous_gradient	false	false	reviewed	10	1	portal_default	within_tissue_cell_type	Cholangiocyte identity represents a curated identity or subtype marker program within Cholangiocyte.	dat/liver/liver_cell_state_markers.gmt	dat/liver/liver_cell_state_markers.xlsx	broad_identity_gradient	liver_cholangiocyte_cholangiocyte_identity	Cholangiocyte identity	liver	Liver
false	cholangiocyte	Cholangiocyte	Ductular reaction or progenitor-like epithelial program; validate disease and injury context.	2026-05-26	Ductular reaction progenitor like	Aizarani et al., Nature 2019 | https://www.nature.com/articles/s41586-019-1373-2	needs_review	false	false	reviewed	10	1	portal_flagged	within_tissue_cell_type	Ductular reaction progenitor like is a curated marker panel for Cholangiocyte in Liver. The biological interpretation needs review or more specific annotation.	dat/liver/liver_cell_state_markers.gmt	dat/liver/liver_cell_state_markers.xlsx	unknown	liver_cholangiocyte_ductular_reaction_progenitor_like	Ductular reaction progenitor like	liver	Liver
false	cholangiocyte	Cholangiocyte	Inflammatory activated cholangiocyte program; can overlap with ductular reaction.	2026-05-26	Inflammatory activated cholangiocyte	Andrews et al., Hepatology Communications 2022 | https://journals.lww.com/hepcomm/fulltext/2022/04000/single_cell%2C_single_nucleus%2C_and_spatial_rna.14.aspx	continuous_gradient	false	false	reviewed	10	1	portal_flagged	within_tissue_cell_type	Inflammatory activated cholangiocyte represents inflammatory activation in Cholangiocyte.	dat/liver/liver_cell_state_markers.gmt	dat/liver/liver_cell_state_markers.xlsx	process_gradient	liver_cholangiocyte_inflammatory_activated_cholangiocyte	Inflammatory activated cholangiocyte	liver	Liver
false	cholangiocyte	Cholangiocyte	Large duct or mucinous cholangiocyte-associated markers.	2026-05-26	Large duct mucinous cholangiocyte	Andrews et al., Hepatology Communications 2022 | https://journals.lww.com/hepcomm/fulltext/2022/04000/single_cell%2C_single_nucleus%2C_and_spatial_rna.14.aspx	needs_review	false	false	reviewed	10	1	portal_default	within_tissue_cell_type	Large duct mucinous cholangiocyte is a curated marker panel for Cholangiocyte in Liver. The biological interpretation needs review or more specific annotation.	dat/liver/liver_cell_state_markers.gmt	dat/liver/liver_cell_state_markers.xlsx	unknown	liver_cholangiocyte_large_duct_mucinous_cholangiocyte	Large duct mucinous cholangiocyte	liver	Liver
false	cholangiocyte	Cholangiocyte	Cholangiocyte subpopulation markers enriched in small duct/proximal duct-like compartments.	2026-05-26	Small duct cholangiocyte	Andrews et al., Hepatology Communications 2022 | https://journals.lww.com/hepcomm/fulltext/2022/04000/single_cell%2C_single_nucleus%2C_and_spatial_rna.14.aspx	needs_review	false	false	reviewed	10	1	portal_default	within_tissue_cell_type	Small duct cholangiocyte is a curated marker panel for Cholangiocyte in Liver. The biological interpretation needs review or more specific annotation.	dat/liver/liver_cell_state_markers.gmt	dat/liver/liver_cell_state_markers.xlsx	unknown	liver_cholangiocyte_small_duct_cholangiocyte	Small duct cholangiocyte	liver	Liver
false	endothelial	Endothelial	Cirrhosis/fibrosis-associated endothelial program; validate disease context.	2026-05-26	Activated scar associated endothelial	Ramachandran et al., Nature 2019 | https://www.nature.com/articles/s41586-019-1631-3	needs_review	false	false	reviewed	10	1	portal_flagged	within_tissue_cell_type	Activated scar associated endothelial is a curated marker panel for Endothelial in Liver. The biological interpretation needs review or more specific annotation.	dat/liver/liver_cell_state_markers.gmt	dat/liver/liver_cell_state_markers.xlsx	unknown	liver_endothelial_activated_scar_associated_endothelial	Activated scar associated endothelial	liver	Liver
false	endothelial	Endothelial	Angiogenic or remodeling EC program; not liver-specific.	2026-05-26	Angiogenic endothelial	Guilliams et al., Cell 2022 | https://www.sciencedirect.com/science/article/pii/S0092867421014811	continuous_gradient	false	false	reviewed	10	1	portal_flagged	within_tissue_cell_type	Angiogenic endothelial captures angiogenic or vascular remodeling activity.	dat/liver/liver_cell_state_markers.gmt	dat/liver/liver_cell_state_markers.xlsx	process_gradient	liver_endothelial_angiogenic_endothelial	Angiogenic endothelial	liver	Liver
false	endothelial	Endothelial	Liver sinusoidal endothelial cell identity markers.	2026-05-26	Liver sinusoidal endothelial identity	Aizarani et al., Nature 2019 | https://www.nature.com/articles/s41586-019-1373-2	continuous_gradient	false	false	reviewed	10	1	portal_default	within_tissue_cell_type	Liver sinusoidal endothelial identity represents a curated identity or subtype marker program within Endothelial.	dat/liver/liver_cell_state_markers.gmt	dat/liver/liver_cell_state_markers.xlsx	broad_identity_gradient	liver_endothelial_liver_sinusoidal_endothelial_identity	Liver sinusoidal endothelial identity	liver	Liver
false	endothelial	Endothelial	Lymphatic endothelial markers; included because broad endothelial labels may contain lymphatic ECs.	2026-05-26	Lymphatic endothelial	Aizarani et al., Nature 2019 | https://www.nature.com/articles/s41586-019-1373-2	needs_review	false	false	reviewed	10	1	portal_default	within_tissue_cell_type	Lymphatic endothelial is a curated marker panel for Endothelial in Liver. The biological interpretation needs review or more specific annotation.	dat/liver/liver_cell_state_markers.gmt	dat/liver/liver_cell_state_markers.xlsx	unknown	liver_endothelial_lymphatic_endothelial	Lymphatic endothelial	liver	Liver
false	endothelial	Endothelial	Liver macrovascular endothelial markers, including vascular EC markers and CD34/PLVAP-high states.	2026-05-26	Macrovascular endothelial identity	Aizarani et al., Nature 2019 | https://www.nature.com/articles/s41586-019-1373-2	continuous_gradient	false	false	reviewed	10	1	portal_default	within_tissue_cell_type	Macrovascular endothelial identity represents a curated identity or subtype marker program within Endothelial.	dat/liver/liver_cell_state_markers.gmt	dat/liver/liver_cell_state_markers.xlsx	broad_identity_gradient	liver_endothelial_macrovascular_endothelial_identity	Macrovascular endothelial identity	liver	Liver
false	endothelial	Endothelial	Portal/venous and inflammatory-accessible endothelial program; may overlap with scar-associated ECs.	2026-05-26	Portal venous endothelial	Ramachandran et al., Nature 2019 | https://www.nature.com/articles/s41586-019-1631-3	continuous_gradient	false	false	reviewed	10	1	portal_default	within_tissue_cell_type	Portal venous endothelial represents a curated identity or subtype marker program within Endothelial.	dat/liver/liver_cell_state_markers.gmt	dat/liver/liver_cell_state_markers.xlsx	broad_identity_gradient	liver_endothelial_portal_venous_endothelial	Portal venous endothelial	liver	Liver
false	hepatic_stellate_cell	Hepatic stellate cell	Activated myofibroblast-like/fibrogenic hepatic stellate cell program.	2026-05-26	Activated fibrogenic hepatic stellate	Ramachandran et al., Nature 2019 | https://www.nature.com/articles/s41586-019-1631-3	needs_review	false	false	reviewed	10	1	portal_default	within_tissue_cell_type	Activated fibrogenic hepatic stellate is a curated marker panel for Hepatic stellate cell in Liver. The biological interpretation needs review or more specific annotation.	dat/liver/liver_cell_state_markers.gmt	dat/liver/liver_cell_state_markers.xlsx	unknown	liver_hepatic_stellate_cell_activated_fibrogenic_hepatic_stellate	Activated fibrogenic hepatic stellate	liver	Liver
false	hepatic_stellate_cell	Hepatic stellate cell	Inflammatory immediate-response HSC program; may reflect tissue handling or injury.	2026-05-26	Inflammatory hepatic stellate	Andrews et al., Hepatology Communications 2022 | https://journals.lww.com/hepcomm/fulltext/2022/04000/single_cell%2C_single_nucleus%2C_and_spatial_rna.14.aspx	continuous_gradient	false	false	reviewed	10	1	portal_flagged	within_tissue_cell_type	Inflammatory hepatic stellate represents inflammatory activation in Hepatic stellate cell.	dat/liver/liver_cell_state_markers.gmt	dat/liver/liver_cell_state_markers.xlsx	process_gradient	liver_hepatic_stellate_cell_inflammatory_hepatic_stellate	Inflammatory hepatic stellate	liver	Liver
true	hepatic_stellate_cell	Hepatic stellate cell	Generic cycling program; validate HSC identity.	2026-05-26	Proliferating hepatic stellate	Ramachandran et al., Nature 2019 | https://www.nature.com/articles/s41586-019-1631-3	continuous_or_hard_callable_if_separable	false	false	reviewed	10	2	portal_flagged	within_tissue_cell_type	Proliferation / cell cycle captures cycling cells using canonical S/G2M and mitotic markers.	dat/liver/liver_cell_state_markers.gmt	dat/liver/liver_cell_state_markers.xlsx	rare_process	liver_hepatic_stellate_cell_proliferating_hepatic_stellate	Proliferating hepatic stellate	liver	Liver
false	hepatic_stellate_cell	Hepatic stellate cell	Quiescent hepatic stellate cell and retinoid-associated markers.	2026-05-26	Quiescent hepatic stellate	Payen et al., JHEP Reports 2021 | https://www.jhep-reports.eu/article/S2589-5559%2821%2900054-9/fulltext	continuous_gradient	false	false	reviewed	10	1	portal_default	within_tissue_cell_type	Quiescent hepatic stellate represents a curated identity or subtype marker program within Hepatic stellate cell.	dat/liver/liver_cell_state_markers.gmt	dat/liver/liver_cell_state_markers.xlsx	broad_identity_gradient	liver_hepatic_stellate_cell_quiescent_hepatic_stellate	Quiescent hepatic stellate	liver	Liver
false	hepatic_stellate_cell	Hepatic stellate cell	Fibrotic-niche mesenchymal program described in cirrhotic human liver.	2026-05-26	Scar associated mesenchymal	Ramachandran et al., Nature 2019 | https://www.nature.com/articles/s41586-019-1631-3	needs_review	false	false	reviewed	10	1	portal_flagged	within_tissue_cell_type	Scar associated mesenchymal is a curated marker panel for Hepatic stellate cell in Liver. The biological interpretation needs review or more specific annotation.	dat/liver/liver_cell_state_markers.gmt	dat/liver/liver_cell_state_markers.xlsx	unknown	liver_hepatic_stellate_cell_scar_associated_mesenchymal	Scar associated mesenchymal	liver	Liver
false	hepatocyte	Hepatocyte	Inflammatory or acute-phase hepatocyte program; can reflect systemic inflammation and sampling context.	2026-05-26	Acute phase inflammatory hepatocyte	Aizarani et al., Nature 2019 | https://www.nature.com/articles/s41586-019-1373-2	continuous_gradient	false	false	reviewed	10	1	portal_flagged	within_tissue_cell_type	Acute phase inflammatory hepatocyte represents inflammatory activation in Hepatocyte.	dat/liver/liver_cell_state_markers.gmt	dat/liver/liver_cell_state_markers.xlsx	process_gradient	liver_hepatocyte_acute_phase_inflammatory_hepatocyte	Acute phase inflammatory hepatocyte	liver	Liver
false	hepatocyte	Hepatocyte	Hepatocyte bile acid synthesis and transport pathway; useful as a functional program rather than a discrete state.	2026-05-26	Bile acid transport metabolism	Aizarani et al., Nature 2019 | https://www.nature.com/articles/s41586-019-1373-2	continuous_gradient	false	false	reviewed	10	1	portal_flagged	within_tissue_cell_type	Bile acid transport metabolism captures a functional activity program in Hepatocyte.	dat/liver/liver_cell_state_markers.gmt	dat/liver/liver_cell_state_markers.xlsx	broad_function_gradient	liver_hepatocyte_bile_acid_transport_metabolism	Bile acid transport metabolism	liver	Liver
false	hepatocyte	Hepatocyte	Canonical hepatocyte identity and plasma protein synthesis markers.	2026-05-26	Hepatocyte identity	Aizarani et al., Nature 2019 | https://www.nature.com/articles/s41586-019-1373-2	continuous_gradient	false	false	reviewed	10	1	portal_default	within_tissue_cell_type	Hepatocyte identity represents a curated identity or subtype marker program within Hepatocyte.	dat/liver/liver_cell_state_markers.gmt	dat/liver/liver_cell_state_markers.xlsx	broad_identity_gradient	liver_hepatocyte_hepatocyte_identity	Hepatocyte identity	liver	Liver
false	hepatocyte	Hepatocyte	Central-zone hepatocyte program with xenobiotic metabolism and glutamine synthesis.	2026-05-26	Pericentral hepatocyte	Payen et al., JHEP Reports 2021 | https://www.jhep-reports.eu/article/S2589-5559%2821%2900054-9/fulltext	continuous_gradient	false	false	reviewed	10	1	portal_default	within_tissue_cell_type	Pericentral hepatocyte represents a curated identity or subtype marker program within Hepatocyte.	dat/liver/liver_cell_state_markers.gmt	dat/liver/liver_cell_state_markers.xlsx	broad_identity_gradient	liver_hepatocyte_pericentral_hepatocyte	Pericentral hepatocyte	liver	Liver
false	hepatocyte	Hepatocyte	Portal-zone hepatocyte metabolic program; urea cycle, amino acid metabolism, and gluconeogenesis.	2026-05-26	Periportal hepatocyte	Payen et al., JHEP Reports 2021 | https://www.jhep-reports.eu/article/S2589-5559%2821%2900054-9/fulltext	continuous_gradient	false	false	reviewed	10	1	portal_default	within_tissue_cell_type	Periportal hepatocyte represents a curated identity or subtype marker program within Hepatocyte.	dat/liver/liver_cell_state_markers.gmt	dat/liver/liver_cell_state_markers.xlsx	broad_identity_gradient	liver_hepatocyte_periportal_hepatocyte	Periportal hepatocyte	liver	Liver
true	hepatocyte	Hepatocyte	Generic cycling program; validate hepatocyte identity in high-scoring cells.	2026-05-26	Proliferating hepatocyte	Ramachandran et al., Nature 2019 | https://www.nature.com/articles/s41586-019-1631-3	continuous_or_hard_callable_if_separable	false	false	reviewed	10	2	portal_flagged	within_tissue_cell_type	Proliferation / cell cycle captures cycling cells using canonical S/G2M and mitotic markers.	dat/liver/liver_cell_state_markers.gmt	dat/liver/liver_cell_state_markers.xlsx	rare_process	liver_hepatocyte_proliferating_hepatocyte	Proliferating hepatocyte	liver	Liver
false	macrophage	Macrophage	MHC-II antigen presentation program in myeloid cells.	2026-05-26	Antigen presentation macrophage	Zhao et al., Cell Discovery 2020 | https://www.nature.com/articles/s41421-020-0157-z	needs_review	false	false	reviewed	10	1	portal_default	within_tissue_cell_type	Antigen presentation macrophage is a curated marker panel for Macrophage in Liver. The biological interpretation needs review or more specific annotation.	dat/liver/liver_cell_state_markers.gmt	dat/liver/liver_cell_state_markers.xlsx	unknown	liver_macrophage_antigen_presentation_macrophage	Antigen presentation macrophage	liver	Liver
false	macrophage	Macrophage	Generic interferon-stimulated macrophage program.	2026-05-26	Interferon response macrophage	Zhao et al., Cell Discovery 2020 | https://www.nature.com/articles/s41421-020-0157-z	continuous_gradient	false	false	reviewed	10	2	portal_flagged	within_tissue_cell_type	Interferon / MHC response captures inflammatory, antiviral, and antigen-presentation activity within the parent cell type.	dat/liver/liver_cell_state_markers.gmt	dat/liver/liver_cell_state_markers.xlsx	process_gradient	liver_macrophage_interferon_response_macrophage	Interferon response macrophage	liver	Liver
false	macrophage	Macrophage	Resident liver macrophage/Kupffer cell identity markers.	2026-05-26	Kupffer cell identity	MacParland et al., Nature Communications 2018 | https://www.nature.com/articles/s41467-018-06318-7	continuous_gradient	false	false	reviewed	10	1	portal_default	within_tissue_cell_type	Kupffer cell identity represents a curated identity or subtype marker program within Macrophage.	dat/liver/liver_cell_state_markers.gmt	dat/liver/liver_cell_state_markers.xlsx	broad_identity_gradient	liver_macrophage_kupffer_cell_identity	Kupffer cell identity	liver	Liver
false	macrophage	Macrophage	Inflammatory monocyte-derived macrophage markers.	2026-05-26	Monocyte derived inflammatory macrophage	MacParland et al., Nature Communications 2018 | https://www.nature.com/articles/s41467-018-06318-7	continuous_gradient	false	false	reviewed	10	1	portal_default	within_tissue_cell_type	Monocyte derived inflammatory macrophage represents inflammatory activation in Macrophage.	dat/liver/liver_cell_state_markers.gmt	dat/liver/liver_cell_state_markers.xlsx	process_gradient	liver_macrophage_monocyte_derived_inflammatory_macrophage	Monocyte derived inflammatory macrophage	liver	Liver
false	macrophage	Macrophage	Scar-associated or lipid-associated macrophage program; disease-context dependent.	2026-05-26	Scar lipid associated macrophage	Ramachandran et al., Nature 2019 | https://www.nature.com/articles/s41586-019-1631-3	continuous_gradient	false	false	reviewed	10	1	portal_flagged	within_tissue_cell_type	Scar lipid associated macrophage captures lipid-handling or phagocytic activity often associated with tissue remodeling or disease.	dat/liver/liver_cell_state_markers.gmt	dat/liver/liver_cell_state_markers.xlsx	process_gradient	liver_macrophage_scar_lipid_associated_macrophage	Scar lipid associated macrophage	liver	Liver
false	mast_cell	Mast cell	Activated inflammatory mast cell program; not liver-specific.	2026-05-26	Activated inflammatory mast cell	Jiang et al., Journal of Allergy and Clinical Immunology 2020 | https://pmc.ncbi.nlm.nih.gov/articles/PMC7756890/	continuous_gradient	false	false	reviewed	10	1	portal_flagged	within_tissue_cell_type	Activated inflammatory mast cell represents inflammatory activation in Mast cell.	dat/liver/liver_cell_state_markers.gmt	dat/liver/liver_cell_state_markers.xlsx	process_gradient	liver_mast_cell_activated_inflammatory_mast_cell	Activated inflammatory mast cell	liver	Liver
false	mast_cell	Mast cell	Chymase/tryptase mast cell program.	2026-05-26	Chymase mast cell	Jiang et al., Journal of Allergy and Clinical Immunology 2020 | https://pmc.ncbi.nlm.nih.gov/articles/PMC7756890/	needs_review	false	false	reviewed	10	1	portal_default	within_tissue_cell_type	Chymase mast cell is a curated marker panel for Mast cell in Liver. The biological interpretation needs review or more specific annotation.	dat/liver/liver_cell_state_markers.gmt	dat/liver/liver_cell_state_markers.xlsx	unknown	liver_mast_cell_chymase_mast_cell	Chymase mast cell	liver	Liver
false	mast_cell	Mast cell	Broad mast cell identity markers.	2026-05-26	Mast cell identity	Jiang et al., Journal of Allergy and Clinical Immunology 2020 | https://pmc.ncbi.nlm.nih.gov/articles/PMC7756890/	continuous_gradient	false	false	reviewed	10	1	portal_default	within_tissue_cell_type	Mast cell identity represents a curated identity or subtype marker program within Mast cell.	dat/liver/liver_cell_state_markers.gmt	dat/liver/liver_cell_state_markers.xlsx	broad_identity_gradient	liver_mast_cell_mast_cell_identity	Mast cell identity	liver	Liver
false	mast_cell	Mast cell	Tryptase-rich mast cell program.	2026-05-26	Tryptase mast cell	Jiang et al., Journal of Allergy and Clinical Immunology 2020 | https://pmc.ncbi.nlm.nih.gov/articles/PMC7756890/	needs_review	false	false	reviewed	10	1	portal_default	within_tissue_cell_type	Tryptase mast cell is a curated marker panel for Mast cell in Liver. The biological interpretation needs review or more specific annotation.	dat/liver/liver_cell_state_markers.gmt	dat/liver/liver_cell_state_markers.xlsx	unknown	liver_mast_cell_tryptase_mast_cell	Tryptase mast cell	liver	Liver
false	nk_cell	NK cell	Adaptive-like NK cell program; KLRC2/NKG2C-centered marker set.	2026-05-26	Adaptive nk cell	Zhao et al., Cell Discovery 2020 | https://www.nature.com/articles/s41421-020-0157-z	needs_review	false	false	reviewed	10	1	portal_default	within_tissue_cell_type	Adaptive nk cell is a curated marker panel for NK cell in Liver. The biological interpretation needs review or more specific annotation.	dat/liver/liver_cell_state_markers.gmt	dat/liver/liver_cell_state_markers.xlsx	unknown	liver_nk_cell_adaptive_nk_cell	Adaptive nk cell	liver	Liver
false	nk_cell	NK cell	Cytotoxic conventional NK cell effector program.	2026-05-26	Cytotoxic nk cell	Zhao et al., Cell Discovery 2020 | https://www.nature.com/articles/s41421-020-0157-z	needs_review	false	false	reviewed	10	1	portal_default	within_tissue_cell_type	Cytotoxic nk cell is a curated marker panel for NK cell in Liver. The biological interpretation needs review or more specific annotation.	dat/liver/liver_cell_state_markers.gmt	dat/liver/liver_cell_state_markers.xlsx	unknown	liver_nk_cell_cytotoxic_nk_cell	Cytotoxic nk cell	liver	Liver
false	nk_cell	NK cell	Generic interferon-stimulated NK cell program.	2026-05-26	Interferon response nk cell	Zhao et al., Cell Discovery 2020 | https://www.nature.com/articles/s41421-020-0157-z	continuous_gradient	false	false	reviewed	10	2	portal_flagged	within_tissue_cell_type	Interferon / MHC response captures inflammatory, antiviral, and antigen-presentation activity within the parent cell type.	dat/liver/liver_cell_state_markers.gmt	dat/liver/liver_cell_state_markers.xlsx	process_gradient	liver_nk_cell_interferon_response_nk_cell	Interferon response nk cell	liver	Liver
false	nk_cell	NK cell	Liver-resident NK cell markers.	2026-05-26	Liver resident nk cell	Zhao et al., Cell Discovery 2020 | https://www.nature.com/articles/s41421-020-0157-z	continuous_gradient	false	false	reviewed	10	1	portal_default	within_tissue_cell_type	Liver resident nk cell represents a curated identity or subtype marker program within NK cell.	dat/liver/liver_cell_state_markers.gmt	dat/liver/liver_cell_state_markers.xlsx	broad_identity_gradient	liver_nk_cell_liver_resident_nk_cell	Liver resident nk cell	liver	Liver
false	nk_cell	NK cell	Broad natural killer cell identity markers.	2026-05-26	Nk cell identity	Zhao et al., Cell Discovery 2020 | https://www.nature.com/articles/s41421-020-0157-z	continuous_gradient	false	false	reviewed	10	1	portal_default	within_tissue_cell_type	Nk cell identity represents a curated identity or subtype marker program within NK cell.	dat/liver/liver_cell_state_markers.gmt	dat/liver/liver_cell_state_markers.xlsx	broad_identity_gradient	liver_nk_cell_nk_cell_identity	Nk cell identity	liver	Liver
false	schwann_cell	Schwann cell	Myelinating Schwann cell markers.	2026-05-26	Myelinating schwann cell	Gerber et al., eLife 2021 | https://elifesciences.org/articles/58591	needs_review	false	false	reviewed	10	1	portal_default	within_tissue_cell_type	Myelinating schwann cell is a curated marker panel for Schwann cell in Liver. The biological interpretation needs review or more specific annotation.	dat/liver/liver_cell_state_markers.gmt	dat/liver/liver_cell_state_markers.xlsx	unknown	liver_schwann_cell_myelinating_schwann_cell	Myelinating schwann cell	liver	Liver
false	schwann_cell	Schwann cell	Non-myelinating or Remak-like Schwann cell markers.	2026-05-26	Nonmyelinating schwann cell	Gerber et al., eLife 2021 | https://elifesciences.org/articles/58591	needs_review	false	false	reviewed	10	1	portal_default	within_tissue_cell_type	Nonmyelinating schwann cell is a curated marker panel for Schwann cell in Liver. The biological interpretation needs review or more specific annotation.	dat/liver/liver_cell_state_markers.gmt	dat/liver/liver_cell_state_markers.xlsx	unknown	liver_schwann_cell_nonmyelinating_schwann_cell	Nonmyelinating schwann cell	liver	Liver
false	schwann_cell	Schwann cell	Repair/activated Schwann cell program; injury-context dependent.	2026-05-26	Repair activated schwann cell	Patel et al., EMBO Reports 2024 | https://pmc.ncbi.nlm.nih.gov/articles/PMC11358533/	needs_review	false	false	reviewed	10	1	portal_flagged	within_tissue_cell_type	Repair activated schwann cell is a curated marker panel for Schwann cell in Liver. The biological interpretation needs review or more specific annotation.	dat/liver/liver_cell_state_markers.gmt	dat/liver/liver_cell_state_markers.xlsx	unknown	liver_schwann_cell_repair_activated_schwann_cell	Repair activated schwann cell	liver	Liver
false	schwann_cell	Schwann cell	Broad Schwann cell identity markers.	2026-05-26	Schwann cell identity	Gerber et al., eLife 2021 | https://elifesciences.org/articles/58591	continuous_gradient	false	false	reviewed	10	1	portal_default	within_tissue_cell_type	Schwann cell identity represents a curated identity or subtype marker program within Schwann cell.	dat/liver/liver_cell_state_markers.gmt	dat/liver/liver_cell_state_markers.xlsx	broad_identity_gradient	liver_schwann_cell_schwann_cell_identity	Schwann cell identity	liver	Liver
false	t_cell	T cell	Cytotoxic T cell effector program.	2026-05-26	Cytotoxic cd8 t cell	Zhao et al., Cell Discovery 2020 | https://www.nature.com/articles/s41421-020-0157-z	needs_review	false	false	reviewed	10	1	portal_default	within_tissue_cell_type	Cytotoxic cd8 t cell is a curated marker panel for T cell in Liver. The biological interpretation needs review or more specific annotation.	dat/liver/liver_cell_state_markers.gmt	dat/liver/liver_cell_state_markers.xlsx	unknown	liver_t_cell_cytotoxic_cd8_t_cell	Cytotoxic cd8 t cell	liver	Liver
false	t_cell	T cell	Antigen-engaged/exhaustion-like T cell program; validate disease/tumor context.	2026-05-26	Exhausted antigen engaged t cell	Zhao et al., Cell Discovery 2020 | https://www.nature.com/articles/s41421-020-0157-z	needs_review	false	false	reviewed	10	1	portal_flagged	within_tissue_cell_type	Exhausted antigen engaged t cell is a curated marker panel for T cell in Liver. The biological interpretation needs review or more specific annotation.	dat/liver/liver_cell_state_markers.gmt	dat/liver/liver_cell_state_markers.xlsx	unknown	liver_t_cell_exhausted_antigen_engaged_t_cell	Exhausted antigen engaged t cell	liver	Liver
false	t_cell	T cell	Liver-resident or tissue-resident memory T/NK-like program.	2026-05-26	Liver resident memory t cell	Zhao et al., Cell Discovery 2020 | https://www.nature.com/articles/s41421-020-0157-z	continuous_gradient	false	false	reviewed	10	1	portal_default	within_tissue_cell_type	Liver resident memory t cell represents a curated identity or subtype marker program within T cell.	dat/liver/liver_cell_state_markers.gmt	dat/liver/liver_cell_state_markers.xlsx	broad_identity_gradient	liver_t_cell_liver_resident_memory_t_cell	Liver resident memory t cell	liver	Liver
false	t_cell	T cell	MAIT or innate-like T cell program common in liver immune compartments.	2026-05-26	Mait innate like t cell	Zhao et al., Cell Discovery 2020 | https://www.nature.com/articles/s41421-020-0157-z	needs_review	false	false	reviewed	10	1	portal_default	within_tissue_cell_type	Mait innate like t cell is a curated marker panel for T cell in Liver. The biological interpretation needs review or more specific annotation.	dat/liver/liver_cell_state_markers.gmt	dat/liver/liver_cell_state_markers.xlsx	unknown	liver_t_cell_mait_innate_like_t_cell	Mait innate like t cell	liver	Liver
false	t_cell	T cell	Resting, naive, or central-memory CD4-like T cell program.	2026-05-26	Naive memory cd4 t cell	Zhao et al., Cell Discovery 2020 | https://www.nature.com/articles/s41421-020-0157-z	needs_review	false	false	reviewed	10	1	portal_default	within_tissue_cell_type	Naive memory cd4 t cell is a curated marker panel for T cell in Liver. The biological interpretation needs review or more specific annotation.	dat/liver/liver_cell_state_markers.gmt	dat/liver/liver_cell_state_markers.xlsx	unknown	liver_t_cell_naive_memory_cd4_t_cell	Naive memory cd4 t cell	liver	Liver
false	t_cell	T cell	Regulatory T cell markers.	2026-05-26	Regulatory t cell	Zhao et al., Cell Discovery 2020 | https://www.nature.com/articles/s41421-020-0157-z	needs_review	false	false	reviewed	10	1	portal_default	within_tissue_cell_type	Regulatory t cell is a curated marker panel for T cell in Liver. The biological interpretation needs review or more specific annotation.	dat/liver/liver_cell_state_markers.gmt	dat/liver/liver_cell_state_markers.xlsx	unknown	liver_t_cell_regulatory_t_cell	Regulatory t cell	liver	Liver
false	t_cell	T cell	Broad T cell identity markers.	2026-05-26	T cell identity	Zhao et al., Cell Discovery 2020 | https://www.nature.com/articles/s41421-020-0157-z	continuous_gradient	false	false	reviewed	10	1	portal_default	within_tissue_cell_type	T cell identity represents a curated identity or subtype marker program within T cell.	dat/liver/liver_cell_state_markers.gmt	dat/liver/liver_cell_state_markers.xlsx	broad_identity_gradient	liver_t_cell_t_cell_identity	T cell identity	liver	Liver
false	adipocyte	Adipocyte	Beige/thermogenic adipocyte panel; often sparse in human datasets and should be interpreted cautiously.	2026-05-26	Beige thermogenic adipocyte	Emont et al. 2022 Nature, human and mouse white adipose tissue atlas | https://www.nature.com/articles/s41586-022-04518-2	needs_review	false	false	reviewed	10	1	portal_flagged	within_tissue_cell_type	Beige thermogenic adipocyte is a curated marker panel for Adipocyte in Muscle. The biological interpretation needs review or more specific annotation.	dat/muscle/muscle_cell_state_markers.gmt	dat/muscle/muscle_cell_state_markers.xlsx	unknown	muscle_adipocyte_beige_thermogenic_adipocyte	Beige thermogenic adipocyte	muscle	Muscle
false	adipocyte	Adipocyte	Inflammatory/stressed adipocyte panel; can also reflect ambient inflammatory signal.	2026-05-26	Inflammatory stressed adipocyte	Massier et al. 2023 Nature Communications, integrated single-cell and spatial WAT map | https://www.nature.com/articles/s41467-023-36983-2	continuous_gradient	false	false	reviewed	10	1	portal_flagged	within_tissue_cell_type	Inflammatory stressed adipocyte represents inflammatory activation in Adipocyte.	dat/muscle/muscle_cell_state_markers.gmt	dat/muscle/muscle_cell_state_markers.xlsx	process_gradient	muscle_adipocyte_inflammatory_stressed_adipocyte	Inflammatory stressed adipocyte	muscle	Muscle
false	adipocyte	Adipocyte	Insulin-responsive and lipogenic adipocyte functional panel.	2026-05-26	Insulin responsive lipogenic adipocyte	Emont et al. 2022 Nature, human and mouse white adipose tissue atlas | https://www.nature.com/articles/s41586-022-04518-2	needs_review	false	false	reviewed	10	1	portal_default	within_tissue_cell_type	Insulin responsive lipogenic adipocyte is a curated marker panel for Adipocyte in Muscle. The biological interpretation needs review or more specific annotation.	dat/muscle/muscle_cell_state_markers.gmt	dat/muscle/muscle_cell_state_markers.xlsx	unknown	muscle_adipocyte_insulin_responsive_lipogenic_adipocyte	Insulin responsive lipogenic adipocyte	muscle	Muscle
false	adipocyte	Adipocyte	Canonical mature adipocyte lipid storage panel.	2026-05-26	Mature lipid storage adipocyte	Emont et al. 2022 Nature, human and mouse white adipose tissue atlas | https://www.nature.com/articles/s41586-022-04518-2	continuous_gradient	false	false	reviewed	10	1	portal_default	within_tissue_cell_type	Mature lipid storage adipocyte captures a functional activity program in Adipocyte.	dat/muscle/muscle_cell_state_markers.gmt	dat/muscle/muscle_cell_state_markers.xlsx	broad_function_gradient	muscle_adipocyte_mature_lipid_storage_adipocyte	Mature lipid storage adipocyte	muscle	Muscle
false	aspc	ASPC	Adipogenic differentiation panel; can overlap with mature adipocyte contamination or true fibro-fatty remodeling.	2026-05-26	Adipogenic differentiating fap	Massier et al. 2023 Nature Communications, integrated single-cell and spatial WAT map | https://www.nature.com/articles/s41467-023-36983-2	needs_review	false	false	reviewed	10	1	portal_flagged	within_tissue_cell_type	Adipogenic differentiating fap is a curated marker panel for ASPC in Muscle. The biological interpretation needs review or more specific annotation.	dat/muscle/muscle_cell_state_markers.gmt	dat/muscle/muscle_cell_state_markers.xlsx	unknown	muscle_aspc_adipogenic_differentiating_fap	Adipogenic differentiating fap	muscle	Muscle
false	aspc	ASPC	CD55+/fibroblast-like activated ECM-remodeling FAP program.	2026-05-26	Cd55 fibroblast activated fap	Lai et al. 2024 Nature, multimodal human skeletal muscle atlas | https://www.nature.com/articles/s41586-024-07348-6	needs_review	false	false	reviewed	10	1	portal_flagged	within_tissue_cell_type	Cd55 fibroblast activated fap is a curated marker panel for ASPC in Muscle. The biological interpretation needs review or more specific annotation.	dat/muscle/muscle_cell_state_markers.gmt	dat/muscle/muscle_cell_state_markers.xlsx	unknown	muscle_aspc_cd55_fibroblast_activated_fap	Cd55 fibroblast activated fap	muscle	Muscle
false	aspc	ASPC	Muscle fibro-adipogenic progenitor and stromal ASPC identity panel.	2026-05-26	Fap identity	De Micheli et al. 2020 Skeletal Muscle, reference human skeletal muscle scRNA-seq atlas | https://link.springer.com/article/10.1186/s13395-020-00236-3	continuous_gradient	false	false	reviewed	10	1	portal_default	within_tissue_cell_type	Fap identity represents a curated identity or subtype marker program within ASPC.	dat/muscle/muscle_cell_state_markers.gmt	dat/muscle/muscle_cell_state_markers.xlsx	broad_identity_gradient	muscle_aspc_fap_identity	Fap identity	muscle	Muscle
false	aspc	ASPC	Pro-inflammatory FAP program; should be checked for inflammation, batch, and disease covariates.	2026-05-26	Gpc3 cd99 inflammatory fap	Lai et al. 2024 Nature, multimodal human skeletal muscle atlas | https://www.nature.com/articles/s41586-024-07348-6	continuous_gradient	false	false	reviewed	10	1	portal_flagged	within_tissue_cell_type	Gpc3 cd99 inflammatory fap represents inflammatory activation in ASPC.	dat/muscle/muscle_cell_state_markers.gmt	dat/muscle/muscle_cell_state_markers.xlsx	process_gradient	muscle_aspc_gpc3_cd99_inflammatory_fap	Gpc3 cd99 inflammatory fap	muscle	Muscle
false	aspc	ASPC	MME+ adipogenic FAP program; overlaps with general adipogenic priming markers.	2026-05-26	Mme adipogenic fap	Lai et al. 2024 Nature, multimodal human skeletal muscle atlas | https://www.nature.com/articles/s41586-024-07348-6	needs_review	false	false	reviewed	10	1	portal_default	within_tissue_cell_type	Mme adipogenic fap is a curated marker panel for ASPC in Muscle. The biological interpretation needs review or more specific annotation.	dat/muscle/muscle_cell_state_markers.gmt	dat/muscle/muscle_cell_state_markers.xlsx	unknown	muscle_aspc_mme_adipogenic_fap	Mme adipogenic fap	muscle	Muscle
false	aspc	ASPC	RUNX2+/migratory/collagen-producing FAP program.	2026-05-26	Runx2 migratory fap	Lai et al. 2024 Nature, multimodal human skeletal muscle atlas | https://www.nature.com/articles/s41586-024-07348-6	needs_review	false	false	reviewed	10	1	portal_flagged	within_tissue_cell_type	Runx2 migratory fap is a curated marker panel for ASPC in Muscle. The biological interpretation needs review or more specific annotation.	dat/muscle/muscle_cell_state_markers.gmt	dat/muscle/muscle_cell_state_markers.xlsx	unknown	muscle_aspc_runx2_migratory_fap	Runx2 migratory fap	muscle	Muscle
false	endothelial	Endothelial	Angiogenic endothelial process panel; interpret with disease, ischemia, exercise, and tissue-processing context.	2026-05-26	Angiogenic stress endothelial	Barnett et al. 2024 Nature Medicine, human vascular cell atlas | https://www.nature.com/articles/s41591-024-03376-x	continuous_gradient	false	false	reviewed	10	1	portal_flagged	within_tissue_cell_type	Angiogenic stress endothelial captures angiogenic or vascular remodeling activity.	dat/muscle/muscle_cell_state_markers.gmt	dat/muscle/muscle_cell_state_markers.xlsx	process_gradient	muscle_endothelial_angiogenic_stress_endothelial	Angiogenic stress endothelial	muscle	Muscle
false	endothelial	Endothelial	Arterial endothelial panel; SEMA3G was highlighted in the human skeletal muscle atlas.	2026-05-26	Arterial endothelial	Lai et al. 2024 Nature, multimodal human skeletal muscle atlas | https://www.nature.com/articles/s41586-024-07348-6	continuous_gradient	false	false	reviewed	10	1	portal_default	within_tissue_cell_type	Arterial endothelial represents a curated identity or subtype marker program within Endothelial.	dat/muscle/muscle_cell_state_markers.gmt	dat/muscle/muscle_cell_state_markers.xlsx	broad_identity_gradient	muscle_endothelial_arterial_endothelial	Arterial endothelial	muscle	Muscle
false	endothelial	Endothelial	Capillary endothelial panel; CA4 was highlighted in the human skeletal muscle atlas.	2026-05-26	Capillary endothelial	Lai et al. 2024 Nature, multimodal human skeletal muscle atlas | https://www.nature.com/articles/s41586-024-07348-6	continuous_gradient	false	false	reviewed	10	1	portal_default	within_tissue_cell_type	Capillary endothelial represents a curated identity or subtype marker program within Endothelial.	dat/muscle/muscle_cell_state_markers.gmt	dat/muscle/muscle_cell_state_markers.xlsx	broad_identity_gradient	muscle_endothelial_capillary_endothelial	Capillary endothelial	muscle	Muscle
false	endothelial	Endothelial	Broad endothelial identity panel with capillary-enriched markers.	2026-05-26	Pan endothelial capillary identity	Barnett et al. 2024 Nature Medicine, human vascular cell atlas | https://www.nature.com/articles/s41591-024-03376-x	continuous_gradient	false	false	reviewed	10	1	portal_default	within_tissue_cell_type	Pan endothelial capillary identity represents a curated identity or subtype marker program within Endothelial.	dat/muscle/muscle_cell_state_markers.gmt	dat/muscle/muscle_cell_state_markers.xlsx	broad_identity_gradient	muscle_endothelial_pan_endothelial_capillary_identity	Pan endothelial capillary identity	muscle	Muscle
false	endothelial	Endothelial	Venous/inflammatory venous endothelial panel; ACKR1 and IL6+ venous ECs were described in the muscle atlas.	2026-05-26	Venous endothelial	Lai et al. 2024 Nature, multimodal human skeletal muscle atlas | https://www.nature.com/articles/s41586-024-07348-6	continuous_gradient	false	false	reviewed	10	1	portal_default	within_tissue_cell_type	Venous endothelial represents a curated identity or subtype marker program within Endothelial.	dat/muscle/muscle_cell_state_markers.gmt	dat/muscle/muscle_cell_state_markers.xlsx	broad_identity_gradient	muscle_endothelial_venous_endothelial	Venous endothelial	muscle	Muscle
false	macrophage	Macrophage	Inflammatory monocyte/macrophage program; can reflect infiltrating monocytes, aging, injury, disease, or dissociation.	2026-05-26	Inflammatory macrophage	Krasniewski et al. 2022 eLife, skeletal muscle macrophage subpopulations | https://elifesciences.org/articles/77974	continuous_gradient	false	false	reviewed	10	1	portal_flagged	within_tissue_cell_type	Inflammatory macrophage represents inflammatory activation in Macrophage.	dat/muscle/muscle_cell_state_markers.gmt	dat/muscle/muscle_cell_state_markers.xlsx	process_gradient	muscle_macrophage_inflammatory_macrophage	Inflammatory macrophage	muscle	Muscle
false	macrophage	Macrophage	Lipid/aging-associated macrophage program; likely context-dependent in skeletal muscle.	2026-05-26	Lipid associated aging macrophage	Krasniewski et al. 2022 eLife, skeletal muscle macrophage subpopulations | https://elifesciences.org/articles/77974	continuous_gradient	false	false	reviewed	10	1	portal_flagged	within_tissue_cell_type	Lipid associated aging macrophage captures lipid-handling or phagocytic activity often associated with tissue remodeling or disease.	dat/muscle/muscle_cell_state_markers.gmt	dat/muscle/muscle_cell_state_markers.xlsx	process_gradient	muscle_macrophage_lipid_associated_aging_macrophage	Lipid associated aging macrophage	muscle	Muscle
false	macrophage	Macrophage	MHCII antigen-presenting macrophage program.	2026-05-26	Mhcii antigen presenting macrophage	Krasniewski et al. 2022 eLife, skeletal muscle macrophage subpopulations | https://elifesciences.org/articles/77974	continuous_gradient	false	false	reviewed	10	2	portal_default	within_tissue_cell_type	Interferon / MHC response captures inflammatory, antiviral, and antigen-presentation activity within the parent cell type.	dat/muscle/muscle_cell_state_markers.gmt	dat/muscle/muscle_cell_state_markers.xlsx	process_gradient	muscle_macrophage_mhcii_antigen_presenting_macrophage	Mhcii antigen presenting macrophage	muscle	Muscle
true	macrophage	Macrophage	Generic macrophage proliferation panel; use only with parent-cell-type purity checks.	2026-05-26	Proliferating macrophage	Hu et al. 2023 Nucleic Acids Research, CellMarker 2.0 | https://academic.oup.com/nar/article/51/D1/D870/6775381	continuous_or_hard_callable_if_separable	false	false	reviewed	10	2	portal_flagged	within_tissue_cell_type	Proliferation / cell cycle captures cycling cells using canonical S/G2M and mitotic markers.	dat/muscle/muscle_cell_state_markers.gmt	dat/muscle/muscle_cell_state_markers.xlsx	rare_process	muscle_macrophage_proliferating_macrophage	Proliferating macrophage	muscle	Muscle
false	macrophage	Macrophage	Resident LYVE1+ M2-like skeletal muscle macrophage program.	2026-05-26	Resident lyve1 m2 like macrophage	Krasniewski et al. 2022 eLife, skeletal muscle macrophage subpopulations | https://elifesciences.org/articles/77974	continuous_gradient	false	false	reviewed	10	1	portal_default	within_tissue_cell_type	Resident lyve1 m2 like macrophage represents a curated identity or subtype marker program within Macrophage.	dat/muscle/muscle_cell_state_markers.gmt	dat/muscle/muscle_cell_state_markers.xlsx	broad_identity_gradient	muscle_macrophage_resident_lyve1_m2_like_macrophage	Resident lyve1 m2 like macrophage	muscle	Muscle
false	muscle_fiber	Muscle fiber	Atrophy and catabolic stress program; process/QC-like panel for disease and aging interpretation.	2026-05-26	Atrophy ubiquitin proteasome	Kedlian et al. 2024 Nature Aging, human skeletal muscle aging atlas | https://www.nature.com/articles/s43587-024-00613-3	needs_review	false	false	reviewed	10	1	portal_flagged	within_tissue_cell_type	Atrophy ubiquitin proteasome is a curated marker panel for Muscle fiber in Muscle. The biological interpretation needs review or more specific annotation.	dat/muscle/muscle_cell_state_markers.gmt	dat/muscle/muscle_cell_state_markers.xlsx	unknown	muscle_muscle_fiber_atrophy_ubiquitin_proteasome	Atrophy ubiquitin proteasome	muscle	Muscle
false	muscle_fiber	Muscle fiber	Pan-myofiber contractile and sarcomeric identity panel.	2026-05-26	Contractile sarcomere identity	De Micheli et al. 2020 Skeletal Muscle, reference human skeletal muscle scRNA-seq atlas | https://link.springer.com/article/10.1186/s13395-020-00236-3	continuous_gradient	false	false	reviewed	10	1	portal_default	within_tissue_cell_type	Contractile sarcomere identity captures a functional activity program in Muscle fiber.	dat/muscle/muscle_cell_state_markers.gmt	dat/muscle/muscle_cell_state_markers.xlsx	broad_function_gradient	muscle_muscle_fiber_contractile_sarcomere_identity	Contractile sarcomere identity	muscle	Muscle
false	muscle_fiber	Muscle fiber	Denervation-like myonuclear response; may reflect innervation state, muscle damage, or sample context.	2026-05-26	Denervation response	Ham et al. 2025 Nature Communications, innervated and denervated skeletal muscle snRNA-seq | https://www.nature.com/articles/s41467-025-57487-1	needs_review	false	false	reviewed	10	1	portal_flagged	within_tissue_cell_type	Denervation response is a curated marker panel for Muscle fiber in Muscle. The biological interpretation needs review or more specific annotation.	dat/muscle/muscle_cell_state_markers.gmt	dat/muscle/muscle_cell_state_markers.xlsx	unknown	muscle_muscle_fiber_denervation_response	Denervation response	muscle	Muscle
false	muscle_fiber	Muscle fiber	Regenerating myonucleus and myogenic repair program; should be validated against injury and disease context.	2026-05-26	Regenerating myonucleus	Lai et al. 2024 Nature, multimodal human skeletal muscle atlas | https://www.nature.com/articles/s41586-024-07348-6	needs_review	false	false	reviewed	10	1	portal_flagged	within_tissue_cell_type	Regenerating myonucleus is a curated marker panel for Muscle fiber in Muscle. The biological interpretation needs review or more specific annotation.	dat/muscle/muscle_cell_state_markers.gmt	dat/muscle/muscle_cell_state_markers.xlsx	unknown	muscle_muscle_fiber_regenerating_myonucleus	Regenerating myonucleus	muscle	Muscle
false	neuron	Neuron	Motor/cholinergic neuron panel; may be sparse in skeletal muscle scRNA-seq maps.	2026-05-26	Motor cholinergic neuron	Hu et al. 2023 Nucleic Acids Research, CellMarker 2.0 | https://academic.oup.com/nar/article/51/D1/D870/6775381	needs_review	false	false	reviewed	10	1	portal_default	within_tissue_cell_type	Motor cholinergic neuron is a curated marker panel for Neuron in Muscle. The biological interpretation needs review or more specific annotation.	dat/muscle/muscle_cell_state_markers.gmt	dat/muscle/muscle_cell_state_markers.xlsx	unknown	muscle_neuron_motor_cholinergic_neuron	Motor cholinergic neuron	muscle	Muscle
false	neuron	Neuron	Peripheral neuron/neural identity panel.	2026-05-26	Peripheral neuron identity	Hu et al. 2023 Nucleic Acids Research, CellMarker 2.0 | https://academic.oup.com/nar/article/51/D1/D870/6775381	continuous_gradient	false	false	reviewed	10	1	portal_default	within_tissue_cell_type	Peripheral neuron identity represents a curated identity or subtype marker program within Neuron.	dat/muscle/muscle_cell_state_markers.gmt	dat/muscle/muscle_cell_state_markers.xlsx	broad_identity_gradient	muscle_neuron_peripheral_neuron_identity	Peripheral neuron identity	muscle	Muscle
false	neuron	Neuron	Schwann/peripheral glial panel; useful to detect nerve-associated non-neuronal signal.	2026-05-26	Schwann peripheral glia qc	Kedlian et al. 2024 Nature Aging, human skeletal muscle aging atlas | https://www.nature.com/articles/s43587-024-00613-3	needs_review	false	false	reviewed	10	1	qc_only	within_tissue_cell_type	Schwann peripheral glia qc is a curated marker panel for Neuron in Muscle. The biological interpretation needs review or more specific annotation.	dat/muscle/muscle_cell_state_markers.gmt	dat/muscle/muscle_cell_state_markers.xlsx	unknown	muscle_neuron_schwann_peripheral_glia_qc	Schwann peripheral glia qc	muscle	Muscle
false	neuron	Neuron	Sensory neuron panel; use mainly as a peripheral nerve/neural subtype check.	2026-05-26	Sensory neuron	Hu et al. 2023 Nucleic Acids Research, CellMarker 2.0 | https://academic.oup.com/nar/article/51/D1/D870/6775381	needs_review	false	false	reviewed	10	1	portal_flagged	within_tissue_cell_type	Sensory neuron is a curated marker panel for Neuron in Muscle. The biological interpretation needs review or more specific annotation.	dat/muscle/muscle_cell_state_markers.gmt	dat/muscle/muscle_cell_state_markers.xlsx	unknown	muscle_neuron_sensory_neuron	Sensory neuron	muscle	Muscle
false	nmj	NMJ	NMJ and denervation-associated program; interpret with innervation and disease context.	2026-05-26	Denervation related nmj program	Ham et al. 2025 Nature Communications, innervated and denervated skeletal muscle snRNA-seq | https://www.nature.com/articles/s41467-025-57487-1	needs_review	false	false	reviewed	10	1	portal_flagged	within_tissue_cell_type	Denervation related nmj program is a curated marker panel for NMJ in Muscle. The biological interpretation needs review or more specific annotation.	dat/muscle/muscle_cell_state_markers.gmt	dat/muscle/muscle_cell_state_markers.xlsx	unknown	muscle_nmj_denervation_related_nmj_program	Denervation related nmj program	muscle	Muscle
false	nmj	NMJ	Schwann/peripheral glial panel for nerve-associated contamination or local NMJ support-cell signal.	2026-05-26	Peripheral glial schwann qc	Kedlian et al. 2024 Nature Aging, human skeletal muscle aging atlas | https://www.nature.com/articles/s43587-024-00613-3	needs_review	false	false	reviewed	10	1	qc_only	within_tissue_cell_type	Peripheral glial schwann qc is a curated marker panel for NMJ in Muscle. The biological interpretation needs review or more specific annotation.	dat/muscle/muscle_cell_state_markers.gmt	dat/muscle/muscle_cell_state_markers.xlsx	unknown	muscle_nmj_peripheral_glial_schwann_qc	Peripheral glial schwann qc	muscle	Muscle
false	nmj	NMJ	Canonical neuromuscular junction-associated myonuclear panel.	2026-05-26	Synaptic myonucleus	Petrany et al. 2020 Nature Communications, skeletal myofiber myonuclear heterogeneity | https://www.nature.com/articles/s41467-020-20063-w	needs_review	false	false	reviewed	10	1	portal_default	within_tissue_cell_type	Synaptic myonucleus is a curated marker panel for NMJ in Muscle. The biological interpretation needs review or more specific annotation.	dat/muscle/muscle_cell_state_markers.gmt	dat/muscle/muscle_cell_state_markers.xlsx	unknown	muscle_nmj_synaptic_myonucleus	Synaptic myonucleus	muscle	Muscle
false	satellite_cell	Satellite cell	Aging/inflammatory priming panel; useful in aging and disease contexts but should be checked for dissociation and inflammation artifacts.	2026-05-26	Aged inflammatory primed musc	Kedlian et al. 2024 Nature Aging, human skeletal muscle aging atlas | https://www.nature.com/articles/s43587-024-00613-3	continuous_gradient	false	false	reviewed	10	1	portal_flagged	within_tissue_cell_type	Aged inflammatory primed musc represents inflammatory activation in Satellite cell.	dat/muscle/muscle_cell_state_markers.gmt	dat/muscle/muscle_cell_state_markers.xlsx	process_gradient	muscle_satellite_cell_aged_inflammatory_primed_musc	Aged inflammatory primed musc	muscle	Muscle
false	satellite_cell	Satellite cell	Differentiating MuSC/myoblast panel.	2026-05-26	Differentiating muscle stem cell	Lai et al. 2024 Nature, multimodal human skeletal muscle atlas | https://www.nature.com/articles/s41586-024-07348-6	needs_review	false	false	reviewed	10	1	portal_default	within_tissue_cell_type	Differentiating muscle stem cell is a curated marker panel for Satellite cell in Muscle. The biological interpretation needs review or more specific annotation.	dat/muscle/muscle_cell_state_markers.gmt	dat/muscle/muscle_cell_state_markers.xlsx	unknown	muscle_satellite_cell_differentiating_muscle_stem_cell	Differentiating muscle stem cell	muscle	Muscle
false	satellite_cell	Satellite cell	Primed early activation MuSC panel; includes immediate early genes that can also reflect dissociation stress.	2026-05-26	Early primed activation	Lai et al. 2024 Nature, multimodal human skeletal muscle atlas | https://www.nature.com/articles/s41586-024-07348-6	needs_review	false	false	reviewed	10	1	portal_default	within_tissue_cell_type	Early primed activation is a curated marker panel for Satellite cell in Muscle. The biological interpretation needs review or more specific annotation.	dat/muscle/muscle_cell_state_markers.gmt	dat/muscle/muscle_cell_state_markers.xlsx	unknown	muscle_satellite_cell_early_primed_activation	Early primed activation	muscle	Muscle
true	satellite_cell	Satellite cell	Late activated/proliferating MuSC panel; generic cell-cycle markers require cell-type purity checks.	2026-05-26	Proliferating muscle stem cell	Lai et al. 2024 Nature, multimodal human skeletal muscle atlas | https://www.nature.com/articles/s41586-024-07348-6	continuous_or_hard_callable_if_separable	false	false	reviewed	10	2	portal_flagged	within_tissue_cell_type	Proliferation / cell cycle captures cycling cells using canonical S/G2M and mitotic markers.	dat/muscle/muscle_cell_state_markers.gmt	dat/muscle/muscle_cell_state_markers.xlsx	rare_process	muscle_satellite_cell_proliferating_muscle_stem_cell	Proliferating muscle stem cell	muscle	Muscle
false	satellite_cell	Satellite cell	Quiescent/deep-quiescent MuSC panel centered on PAX7 and CALCR with ECM-associated quiescence markers.	2026-05-26	Quiescent muscle stem cell	Lai et al. 2024 Nature, multimodal human skeletal muscle atlas | https://www.nature.com/articles/s41586-024-07348-6	continuous_gradient	false	false	reviewed	10	1	portal_default	within_tissue_cell_type	Quiescent muscle stem cell represents a curated identity or subtype marker program within Satellite cell.	dat/muscle/muscle_cell_state_markers.gmt	dat/muscle/muscle_cell_state_markers.xlsx	broad_identity_gradient	muscle_satellite_cell_quiescent_muscle_stem_cell	Quiescent muscle stem cell	muscle	Muscle
false	smc	SMC	Contractile vascular smooth muscle cell identity panel.	2026-05-26	Contractile vascular smc	Barnett et al. 2024 Nature Medicine, human vascular cell atlas | https://www.nature.com/articles/s41591-024-03376-x	continuous_gradient	false	false	reviewed	10	1	portal_default	within_tissue_cell_type	Contractile vascular smc captures a functional activity program in SMC.	dat/muscle/muscle_cell_state_markers.gmt	dat/muscle/muscle_cell_state_markers.xlsx	broad_function_gradient	muscle_smc_contractile_vascular_smc	Contractile vascular smc	muscle	Muscle
true	smc	SMC	Generic proliferation panel restricted to SMCs; requires parent-cell-type purity checks.	2026-05-26	Proliferating smc	Hu et al. 2023 Nucleic Acids Research, CellMarker 2.0 | https://academic.oup.com/nar/article/51/D1/D870/6775381	continuous_or_hard_callable_if_separable	false	false	reviewed	10	2	portal_flagged	within_tissue_cell_type	Proliferation / cell cycle captures cycling cells using canonical S/G2M and mitotic markers.	dat/muscle/muscle_cell_state_markers.gmt	dat/muscle/muscle_cell_state_markers.xlsx	rare_process	muscle_smc_proliferating_smc	Proliferating smc	muscle	Muscle
false	smc	SMC	Synthetic/remodeling smooth muscle-like program; can overlap with fibroblast and pericyte programs.	2026-05-26	Synthetic remodeling smc	Barnett et al. 2024 Nature Medicine, human vascular cell atlas | https://www.nature.com/articles/s41591-024-03376-x	continuous_gradient	false	false	reviewed	10	1	portal_flagged	within_tissue_cell_type	Synthetic remodeling smc captures remodeling, extracellular matrix, or transition-like activity in SMC.	dat/muscle/muscle_cell_state_markers.gmt	dat/muscle/muscle_cell_state_markers.xlsx	process_gradient	muscle_smc_synthetic_remodeling_smc	Synthetic remodeling smc	muscle	Muscle
false	t_cell	T cell	Activated/exhausted antigen-engaged T cell program; interpretation is disease-context dependent.	2026-05-26	Activated exhausted t cell	Hu et al. 2023 Nucleic Acids Research, CellMarker 2.0 | https://academic.oup.com/nar/article/51/D1/D870/6775381	needs_review	false	false	reviewed	10	1	portal_flagged	within_tissue_cell_type	Activated exhausted t cell is a curated marker panel for T cell in Muscle. The biological interpretation needs review or more specific annotation.	dat/muscle/muscle_cell_state_markers.gmt	dat/muscle/muscle_cell_state_markers.xlsx	unknown	muscle_t_cell_activated_exhausted_t_cell	Activated exhausted t cell	muscle	Muscle
false	t_cell	T cell	Cytotoxic T/NK-like effector program.	2026-05-26	Cytotoxic effector t cell	Hu et al. 2023 Nucleic Acids Research, CellMarker 2.0 | https://academic.oup.com/nar/article/51/D1/D870/6775381	needs_review	false	false	reviewed	10	1	portal_default	within_tissue_cell_type	Cytotoxic effector t cell is a curated marker panel for T cell in Muscle. The biological interpretation needs review or more specific annotation.	dat/muscle/muscle_cell_state_markers.gmt	dat/muscle/muscle_cell_state_markers.xlsx	unknown	muscle_t_cell_cytotoxic_effector_t_cell	Cytotoxic effector t cell	muscle	Muscle
false	t_cell	T cell	Generic type I interferon response panel; not T-cell specific and should be interpreted as a process score.	2026-05-26	Interferon response t cell	Hu et al. 2023 Nucleic Acids Research, CellMarker 2.0 | https://academic.oup.com/nar/article/51/D1/D870/6775381	continuous_gradient	false	false	reviewed	10	2	portal_flagged	within_tissue_cell_type	Interferon / MHC response captures inflammatory, antiviral, and antigen-presentation activity within the parent cell type.	dat/muscle/muscle_cell_state_markers.gmt	dat/muscle/muscle_cell_state_markers.xlsx	process_gradient	muscle_t_cell_interferon_response_t_cell	Interferon response t cell	muscle	Muscle
false	t_cell	T cell	Regulatory T cell program; tissue Treg interpretation should be checked against cell counts.	2026-05-26	Regulatory t cell	Hu et al. 2023 Nucleic Acids Research, CellMarker 2.0 | https://academic.oup.com/nar/article/51/D1/D870/6775381	needs_review	false	false	reviewed	10	1	portal_default	within_tissue_cell_type	Regulatory t cell is a curated marker panel for T cell in Muscle. The biological interpretation needs review or more specific annotation.	dat/muscle/muscle_cell_state_markers.gmt	dat/muscle/muscle_cell_state_markers.xlsx	unknown	muscle_t_cell_regulatory_t_cell	Regulatory t cell	muscle	Muscle
false	t_cell	T cell	Conservative T cell identity/resting-memory panel.	2026-05-26	Resting memory t cell	Hu et al. 2023 Nucleic Acids Research, CellMarker 2.0 | https://academic.oup.com/nar/article/51/D1/D870/6775381	needs_review	false	false	reviewed	10	1	portal_default	within_tissue_cell_type	Resting memory t cell is a curated marker panel for T cell in Muscle. The biological interpretation needs review or more specific annotation.	dat/muscle/muscle_cell_state_markers.gmt	dat/muscle/muscle_cell_state_markers.xlsx	unknown	muscle_t_cell_resting_memory_t_cell	Resting memory t cell	muscle	Muscle
false	type_1_muscle_cell	Type 1 muscle cell	Repair/stress/aging-associated myonuclear program; should be checked against tissue processing, age, and disease covariates.	2026-05-26	Aging stress repair like	Lai et al. 2024 Nature, multimodal human skeletal muscle atlas | https://www.nature.com/articles/s41586-024-07348-6	needs_review	false	false	reviewed	10	1	portal_flagged	within_tissue_cell_type	Aging stress repair like is a curated marker panel for Type 1 muscle cell in Muscle. The biological interpretation needs review or more specific annotation.	dat/muscle/muscle_cell_state_markers.gmt	dat/muscle/muscle_cell_state_markers.xlsx	unknown	muscle_type_1_muscle_cell_aging_stress_repair_like	Aging stress repair like	muscle	Muscle
false	type_1_muscle_cell	Type 1 muscle cell	Functional oxidative metabolism panel for slow myofibers; interpret as a process score rather than a discrete cell state.	2026-05-26	Oxidative mitochondrial metabolism	Lai et al. 2024 Nature, multimodal human skeletal muscle atlas | https://www.nature.com/articles/s41586-024-07348-6	continuous_gradient	false	false	reviewed	10	2	portal_flagged	within_tissue_cell_type	Oxidative / mitochondrial stress captures antioxidant response, mitochondrial proteostasis, and cellular stress-response activity.	dat/muscle/muscle_cell_state_markers.gmt	dat/muscle/muscle_cell_state_markers.xlsx	process_gradient	muscle_type_1_muscle_cell_oxidative_mitochondrial_metabolism	Oxidative mitochondrial metabolism	muscle	Muscle
false	type_1_muscle_cell	Type 1 muscle cell	Conservative slow/type I myofiber identity panel; includes the published type I marker core plus additional oxidative/slow contractile markers.	2026-05-26	Slow oxidative type i identity	Lai et al. 2024 Nature, multimodal human skeletal muscle atlas | https://www.nature.com/articles/s41586-024-07348-6	continuous_gradient	false	false	reviewed	10	2	portal_default	within_tissue_cell_type	Oxidative / mitochondrial stress captures antioxidant response, mitochondrial proteostasis, and cellular stress-response activity.	dat/muscle/muscle_cell_state_markers.gmt	dat/muscle/muscle_cell_state_markers.xlsx	process_gradient	muscle_type_1_muscle_cell_slow_oxidative_type_i_identity	Slow oxidative type i identity	muscle	Muscle
false	type_2a_muscle_cell	Type 2a muscle cell	Atrophy, denervation, and repair-associated markers; useful for QC and disease context, not a discrete validated subtype.	2026-05-26	Atrophy stress repair like	Kedlian et al. 2024 Nature Aging, human skeletal muscle aging atlas | https://www.nature.com/articles/s43587-024-00613-3	needs_review	false	false	reviewed	10	1	portal_flagged	within_tissue_cell_type	Atrophy stress repair like is a curated marker panel for Type 2a muscle cell in Muscle. The biological interpretation needs review or more specific annotation.	dat/muscle/muscle_cell_state_markers.gmt	dat/muscle/muscle_cell_state_markers.xlsx	unknown	muscle_type_2a_muscle_cell_atrophy_stress_repair_like	Atrophy stress repair like	muscle	Muscle
false	type_2a_muscle_cell	Type 2a muscle cell	Published type IIA module with metabolic and calcium-handling markers.	2026-05-26	Fast oxidative type iia program	Lai et al. 2024 Nature, multimodal human skeletal muscle atlas | https://www.nature.com/articles/s41586-024-07348-6	continuous_gradient	false	false	reviewed	10	2	portal_default	within_tissue_cell_type	Oxidative / mitochondrial stress captures antioxidant response, mitochondrial proteostasis, and cellular stress-response activity.	dat/muscle/muscle_cell_state_markers.gmt	dat/muscle/muscle_cell_state_markers.xlsx	process_gradient	muscle_type_2a_muscle_cell_fast_oxidative_type_iia_program	Fast oxidative type iia program	muscle	Muscle
false	type_2a_muscle_cell	Type 2a muscle cell	Conservative fast type IIA identity panel; combines the published IIA marker core with general fast-twitch markers.	2026-05-26	Fast type iia identity	Lai et al. 2024 Nature, multimodal human skeletal muscle atlas | https://www.nature.com/articles/s41586-024-07348-6	continuous_gradient	false	false	reviewed	10	1	portal_default	within_tissue_cell_type	Fast type iia identity represents a curated identity or subtype marker program within Type 2a muscle cell.	dat/muscle/muscle_cell_state_markers.gmt	dat/muscle/muscle_cell_state_markers.xlsx	broad_identity_gradient	muscle_type_2a_muscle_cell_fast_type_iia_identity	Fast type iia identity	muscle	Muscle
false	type_2x_muscle_cell	Type 2x muscle cell	Fast myofiber stress/atrophy/repair panel; validate against age, disease, and tissue processing effects.	2026-05-26	Atrophy stress repair like	Kedlian et al. 2024 Nature Aging, human skeletal muscle aging atlas | https://www.nature.com/articles/s43587-024-00613-3	needs_review	false	false	reviewed	10	1	portal_flagged	within_tissue_cell_type	Atrophy stress repair like is a curated marker panel for Type 2x muscle cell in Muscle. The biological interpretation needs review or more specific annotation.	dat/muscle/muscle_cell_state_markers.gmt	dat/muscle/muscle_cell_state_markers.xlsx	unknown	muscle_type_2x_muscle_cell_atrophy_stress_repair_like	Atrophy stress repair like	muscle	Muscle
false	type_2x_muscle_cell	Type 2x muscle cell	Published type IIX marker panel, focused on fast glycolytic myonuclei.	2026-05-26	Fast type iix identity	Lai et al. 2024 Nature, multimodal human skeletal muscle atlas | https://www.nature.com/articles/s41586-024-07348-6	continuous_gradient	false	false	reviewed	10	1	portal_default	within_tissue_cell_type	Fast type iix identity represents a curated identity or subtype marker program within Type 2x muscle cell.	dat/muscle/muscle_cell_state_markers.gmt	dat/muscle/muscle_cell_state_markers.xlsx	broad_identity_gradient	muscle_type_2x_muscle_cell_fast_type_iix_identity	Fast type iix identity	muscle	Muscle
false	type_2x_muscle_cell	Type 2x muscle cell	Functional glycolytic metabolism panel for fast myofibers; interpret as a process score rather than a discrete cell state.	2026-05-26	Glycolytic fast metabolism	Lai et al. 2024 Nature, multimodal human skeletal muscle atlas | https://www.nature.com/articles/s41586-024-07348-6	continuous_gradient	false	false	reviewed	10	1	portal_flagged	within_tissue_cell_type	Glycolytic fast metabolism captures a functional activity program in Type 2x muscle cell.	dat/muscle/muscle_cell_state_markers.gmt	dat/muscle/muscle_cell_state_markers.xlsx	broad_function_gradient	muscle_type_2x_muscle_cell_glycolytic_fast_metabolism	Glycolytic fast metabolism	muscle	Muscle
false	acinar_cell	Acinar cell	Canonical acinar digestive-enzyme identity panel.	2026-05-26	Acinar digestive enzyme identity	curated_pancreas_cell_state_marker_set	continuous_gradient	false	false	reviewed	10	1	portal_default	within_tissue_cell_type	Acinar digestive enzyme identity represents a curated identity or subtype marker program within Acinar cell.	dat/pancreas/pancreas_cell_state_markers.gmt	dat/pancreas/pancreas_cell_state_markers.xlsx	broad_identity_gradient	pancreas_acinar_cell_acinar_digestive_enzyme_identity	Acinar digestive enzyme identity	pancreas	Pancreas
false	acinar_cell	Acinar cell	REG-positive acinar injury/stress panel; observed in chronic pancreatitis and injury contexts.	2026-05-26	Acinar reg positive injury response	curated_pancreas_cell_state_marker_set	needs_review	false	false	reviewed	10	1	portal_flagged	within_tissue_cell_type	Acinar reg positive injury response is a curated marker panel for Acinar cell in Pancreas. The biological interpretation needs review or more specific annotation.	dat/pancreas/pancreas_cell_state_markers.gmt	dat/pancreas/pancreas_cell_state_markers.xlsx	unknown	pancreas_acinar_cell_acinar_reg_positive_injury_response	Acinar reg positive injury response	pancreas	Pancreas
false	acinar_cell	Acinar cell	ADM-like panel; check whether signal reflects true acinar plasticity or ductal contamination.	2026-05-26	Acinar to ductal metaplasia	curated_pancreas_cell_state_marker_set	needs_review	false	false	reviewed	10	1	portal_flagged	within_tissue_cell_type	Acinar to ductal metaplasia is a curated marker panel for Acinar cell in Pancreas. The biological interpretation needs review or more specific annotation.	dat/pancreas/pancreas_cell_state_markers.gmt	dat/pancreas/pancreas_cell_state_markers.xlsx	unknown	pancreas_acinar_cell_acinar_to_ductal_metaplasia	Acinar to ductal metaplasia	pancreas	Pancreas
false	acinar_cell	Acinar cell	Secretory-cell ER stress panel adapted for acinar cells.	2026-05-26	Er stress upr	curated_pancreas_cell_state_marker_set	continuous_gradient	false	false	reviewed	10	2	portal_default	within_tissue_cell_type	UPR / ER stress reflects activation of unfolded-protein-response and ER proteostasis machinery in the parent cell type.	dat/pancreas/pancreas_cell_state_markers.gmt	dat/pancreas/pancreas_cell_state_markers.xlsx	process_gradient	pancreas_acinar_cell_er_stress_upr	Er stress upr	pancreas	Pancreas
false	alpha_cell	Alpha cell	Canonical alpha-cell identity panel.	2026-05-26	Alpha cell identity	curated_pancreas_cell_state_marker_set	continuous_gradient	false	false	reviewed	10	1	portal_default	within_tissue_cell_type	Alpha cell identity represents a curated identity or subtype marker program within Alpha cell.	dat/pancreas/pancreas_cell_state_markers.gmt	dat/pancreas/pancreas_cell_state_markers.xlsx	broad_identity_gradient	pancreas_alpha_cell_alpha_cell_identity	Alpha cell identity	pancreas	Pancreas
false	alpha_cell	Alpha cell	Human islet stress-response marker panel; interpret within alpha cells.	2026-05-26	Er stress upr	curated_pancreas_cell_state_marker_set	continuous_gradient	false	false	reviewed	10	2	portal_default	within_tissue_cell_type	UPR / ER stress reflects activation of unfolded-protein-response and ER proteostasis machinery in the parent cell type.	dat/pancreas/pancreas_cell_state_markers.gmt	dat/pancreas/pancreas_cell_state_markers.xlsx	process_gradient	pancreas_alpha_cell_er_stress_upr	Er stress upr	pancreas	Pancreas
false	alpha_cell	Alpha cell	Human islet inflammatory stress response; check immune-cell contamination.	2026-05-26	Interferon mhc response	curated_pancreas_cell_state_marker_set	continuous_gradient	false	false	reviewed	10	2	portal_default	within_tissue_cell_type	Interferon / MHC response captures inflammatory, antiviral, and antigen-presentation activity within the parent cell type.	dat/pancreas/pancreas_cell_state_markers.gmt	dat/pancreas/pancreas_cell_state_markers.xlsx	process_gradient	pancreas_alpha_cell_interferon_mhc_response	Interferon mhc response	pancreas	Pancreas
true	alpha_cell	Alpha cell	Generic cell-cycle state; interpret within the parent cell type.	2026-05-26	Proliferative cell cycle	curated_pancreas_cell_state_marker_set	continuous_or_hard_callable_if_separable	false	false	reviewed	10	2	portal_default	within_tissue_cell_type	Proliferation / cell cycle captures cycling cells using canonical S/G2M and mitotic markers.	dat/pancreas/pancreas_cell_state_markers.gmt	dat/pancreas/pancreas_cell_state_markers.xlsx	rare_process	pancreas_alpha_cell_proliferative_cell_cycle	Proliferative cell cycle	pancreas	Pancreas
false	beta_cell	Beta cell	Flagged beta dedifferentiation/low-identity panel; may overlap ductal/progenitor markers and contamination.	2026-05-26	Dedifferentiation low identity	curated_pancreas_cell_state_marker_set	composite_required	true	false	reviewed	10	2	portal_flagged	within_tissue_cell_type	Dedifferentiation / low identity represents loss of mature parent-cell identity with acquisition of plasticity, progenitor-like, alternate-lineage, or stress-associated features reported in disease or injury contexts.	dat/pancreas/pancreas_cell_state_markers.gmt	dat/pancreas/pancreas_cell_state_markers.xlsx	composite_required	pancreas_beta_cell_dedifferentiation_low_identity	Dedifferentiation low identity	pancreas	Pancreas
false	beta_cell	Beta cell	Disallowed-gene derepression panel; interpret as loss of beta-cell repression only after parent-cell purity checks.	2026-05-26	Disallowed gene reexpression	curated_pancreas_cell_state_marker_set	composite_required	true	false	reviewed	10	2	portal_flagged	within_tissue_cell_type	Disallowed-gene reexpression captures loss of normal cell-type-specific repression of genes that are usually kept low in mature cells.	dat/pancreas/pancreas_cell_state_markers.gmt	dat/pancreas/pancreas_cell_state_markers.xlsx	composite_required	pancreas_beta_cell_disallowed_gene_reexpression	Disallowed gene reexpression	pancreas	Pancreas
false	beta_cell	Beta cell	UPR/ER stress response in beta cells; check sample handling and disease-stress covariates.	2026-05-26	Er stress upr	curated_pancreas_cell_state_marker_set	continuous_gradient	false	false	reviewed	10	2	portal_default	within_tissue_cell_type	UPR / ER stress reflects activation of unfolded-protein-response and ER proteostasis machinery in the parent cell type.	dat/pancreas/pancreas_cell_state_markers.gmt	dat/pancreas/pancreas_cell_state_markers.xlsx	process_gradient	pancreas_beta_cell_er_stress_upr	Er stress upr	pancreas	Pancreas
false	beta_cell	Beta cell	Interferon/MHC response in beta cells; check immune contamination and HLA-high doublets.	2026-05-26	Interferon mhc response	curated_pancreas_cell_state_marker_set	continuous_gradient	false	false	reviewed	10	2	portal_default	within_tissue_cell_type	Interferon / MHC response captures inflammatory, antiviral, and antigen-presentation activity within the parent cell type.	dat/pancreas/pancreas_cell_state_markers.gmt	dat/pancreas/pancreas_cell_state_markers.xlsx	process_gradient	pancreas_beta_cell_interferon_mhc_response	Interferon mhc response	pancreas	Pancreas
false	beta_cell	Beta cell	Conservative mature beta-cell identity and function panel.	2026-05-26	Mature beta cell identity	curated_pancreas_cell_state_marker_set	continuous_gradient	false	false	reviewed	10	1	portal_default	within_tissue_cell_type	Mature beta cell identity represents a curated identity or subtype marker program within Beta cell.	dat/pancreas/pancreas_cell_state_markers.gmt	dat/pancreas/pancreas_cell_state_markers.xlsx	broad_identity_gradient	pancreas_beta_cell_mature_beta_cell_identity	Mature beta cell identity	pancreas	Pancreas
false	beta_cell	Beta cell	Generic oxidative/mitochondrial stress panel; use as a stress score, not a discrete state label.	2026-05-26	Oxidative mitochondrial stress	curated_pancreas_cell_state_marker_set	continuous_gradient	false	false	reviewed	10	2	portal_flagged	within_tissue_cell_type	Oxidative / mitochondrial stress captures antioxidant response, mitochondrial proteostasis, and cellular stress-response activity.	dat/pancreas/pancreas_cell_state_markers.gmt	dat/pancreas/pancreas_cell_state_markers.xlsx	process_gradient	pancreas_beta_cell_oxidative_mitochondrial_stress	Oxidative mitochondrial stress	pancreas	Pancreas
true	beta_cell	Beta cell	Generic cell-cycle state; interpret within the parent cell type.	2026-05-26	Proliferative cell cycle	curated_pancreas_cell_state_marker_set	continuous_or_hard_callable_if_separable	false	false	reviewed	10	2	portal_default	within_tissue_cell_type	Proliferation / cell cycle captures cycling cells using canonical S/G2M and mitotic markers.	dat/pancreas/pancreas_cell_state_markers.gmt	dat/pancreas/pancreas_cell_state_markers.xlsx	rare_process	pancreas_beta_cell_proliferative_cell_cycle	Proliferative cell cycle	pancreas	Pancreas
false	beta_cell	Beta cell	Beta secretory machinery and granule/function panel.	2026-05-26	Secretory granule beta function	curated_pancreas_cell_state_marker_set	continuous_gradient	false	false	reviewed	10	1	portal_default	within_tissue_cell_type	Secretory granule beta function captures a functional activity program in Beta cell.	dat/pancreas/pancreas_cell_state_markers.gmt	dat/pancreas/pancreas_cell_state_markers.xlsx	broad_function_gradient	pancreas_beta_cell_secretory_granule_beta_function	Secretory granule beta function	pancreas	Pancreas
false	beta_cell	Beta cell	Generic beta-cell senescence-like panel; no single marker is definitive.	2026-05-26	Senescence like	curated_pancreas_cell_state_marker_set	composite_required	true	false	reviewed	10	2	portal_flagged	within_tissue_cell_type	Senescence-like signatures capture cell-cycle arrest, stress-response, SASP-like, and survival-marker features that may occur with aging, injury, or disease.	dat/pancreas/pancreas_cell_state_markers.gmt	dat/pancreas/pancreas_cell_state_markers.xlsx	composite_required	pancreas_beta_cell_senescence_like	Senescence like	pancreas	Pancreas
true	cycling_alpha	Cycling alpha	Alpha-cell identity backbone for cycling alpha annotation.	2026-05-26	Alpha cell identity	curated_pancreas_cell_state_marker_set	continuous_or_hard_callable_if_separable	false	false	reviewed	10	2	portal_default	within_tissue_cell_type	Proliferation / cell cycle captures cycling cells using canonical S/G2M and mitotic markers.	dat/pancreas/pancreas_cell_state_markers.gmt	dat/pancreas/pancreas_cell_state_markers.xlsx	rare_process	pancreas_cycling_alpha_alpha_cell_identity	Alpha cell identity	pancreas	Pancreas
true	cycling_alpha	Cycling alpha	Cell-cycle marker panel for the cycling alpha annotation.	2026-05-26	Cycling alpha cell cycle	curated_pancreas_cell_state_marker_set	continuous_or_hard_callable_if_separable	false	false	reviewed	10	2	portal_default	within_tissue_cell_type	Proliferation / cell cycle captures cycling cells using canonical S/G2M and mitotic markers.	dat/pancreas/pancreas_cell_state_markers.gmt	dat/pancreas/pancreas_cell_state_markers.xlsx	rare_process	pancreas_cycling_alpha_cycling_alpha_cell_cycle	Cycling alpha cell cycle	pancreas	Pancreas
false	delta_cell	Delta cell	Canonical delta-cell identity and receptor/signaling panel.	2026-05-26	Delta cell identity	curated_pancreas_cell_state_marker_set	continuous_gradient	false	false	reviewed	10	1	portal_default	within_tissue_cell_type	Delta cell identity represents a curated identity or subtype marker program within Delta cell.	dat/pancreas/pancreas_cell_state_markers.gmt	dat/pancreas/pancreas_cell_state_markers.xlsx	broad_identity_gradient	pancreas_delta_cell_delta_cell_identity	Delta cell identity	pancreas	Pancreas
false	delta_cell	Delta cell	Generic endocrine UPR panel; less delta-specific evidence than for beta/alpha cells.	2026-05-26	Er stress upr	curated_pancreas_cell_state_marker_set	continuous_gradient	false	false	reviewed	10	2	portal_flagged	within_tissue_cell_type	UPR / ER stress reflects activation of unfolded-protein-response and ER proteostasis machinery in the parent cell type.	dat/pancreas/pancreas_cell_state_markers.gmt	dat/pancreas/pancreas_cell_state_markers.xlsx	process_gradient	pancreas_delta_cell_er_stress_upr	Er stress upr	pancreas	Pancreas
false	delta_cell	Delta cell	Generic endocrine interferon/MHC panel; check immune contamination.	2026-05-26	Interferon mhc response	curated_pancreas_cell_state_marker_set	continuous_gradient	false	false	reviewed	10	2	portal_flagged	within_tissue_cell_type	Interferon / MHC response captures inflammatory, antiviral, and antigen-presentation activity within the parent cell type.	dat/pancreas/pancreas_cell_state_markers.gmt	dat/pancreas/pancreas_cell_state_markers.xlsx	process_gradient	pancreas_delta_cell_interferon_mhc_response	Interferon mhc response	pancreas	Pancreas
false	ductal_cell	Ductal cell	Canonical pancreatic ductal epithelial marker panel.	2026-05-26	Ductal epithelial identity	curated_pancreas_cell_state_marker_set	continuous_gradient	false	false	reviewed	10	1	portal_default	within_tissue_cell_type	Ductal epithelial identity represents a curated identity or subtype marker program within Ductal cell.	dat/pancreas/pancreas_cell_state_markers.gmt	dat/pancreas/pancreas_cell_state_markers.xlsx	broad_identity_gradient	pancreas_ductal_cell_ductal_epithelial_identity	Ductal epithelial identity	pancreas	Pancreas
false	ductal_cell	Ductal cell	Inflammatory epithelial response; check immune ambient RNA and MHC-high doublets.	2026-05-26	Inflammatory ductal	curated_pancreas_cell_state_marker_set	continuous_gradient	false	false	reviewed	10	1	portal_flagged	within_tissue_cell_type	Inflammatory ductal represents inflammatory activation in Ductal cell.	dat/pancreas/pancreas_cell_state_markers.gmt	dat/pancreas/pancreas_cell_state_markers.xlsx	process_gradient	pancreas_ductal_cell_inflammatory_ductal	Inflammatory ductal	pancreas	Pancreas
false	ductal_cell	Ductal cell	Mucinous/secretory ductal program; may be enriched in MUC5B+ ductal cells or disease-associated epithelial programs.	2026-05-26	Mucinous secretory ductal	curated_pancreas_cell_state_marker_set	continuous_gradient	false	false	reviewed	10	1	portal_flagged	within_tissue_cell_type	Mucinous secretory ductal captures a functional activity program in Ductal cell.	dat/pancreas/pancreas_cell_state_markers.gmt	dat/pancreas/pancreas_cell_state_markers.xlsx	broad_function_gradient	pancreas_ductal_cell_mucinous_secretory_ductal	Mucinous secretory ductal	pancreas	Pancreas
true	ductal_cell	Ductal cell	Generic cell-cycle state; interpret within the parent cell type.	2026-05-26	Proliferative cell cycle	curated_pancreas_cell_state_marker_set	continuous_or_hard_callable_if_separable	false	false	reviewed	10	2	portal_default	within_tissue_cell_type	Proliferation / cell cycle captures cycling cells using canonical S/G2M and mitotic markers.	dat/pancreas/pancreas_cell_state_markers.gmt	dat/pancreas/pancreas_cell_state_markers.xlsx	rare_process	pancreas_ductal_cell_proliferative_cell_cycle	Proliferative cell cycle	pancreas	Pancreas
false	endothelial	Endothelial	Acinar-specific endothelial cell signature; includes inflammatory/MHC features.	2026-05-26	Acinar specific endothelial	curated_pancreas_cell_state_marker_set	needs_review	false	false	reviewed	8	1	portal_flagged	within_tissue_cell_type	Acinar specific endothelial is a curated marker panel for Endothelial in Pancreas. The biological interpretation needs review or more specific annotation.	dat/pancreas/pancreas_cell_state_markers.gmt	dat/pancreas/pancreas_cell_state_markers.xlsx	unknown	pancreas_endothelial_acinar_specific_endothelial	Acinar specific endothelial	pancreas	Pancreas
false	endothelial	Endothelial	Generic angiogenic/tip-like endothelial panel; interpret with vascular remodeling context.	2026-05-26	Angiogenic tip endothelial	curated_pancreas_cell_state_marker_set	continuous_gradient	false	false	reviewed	10	1	portal_flagged	within_tissue_cell_type	Angiogenic tip endothelial captures angiogenic or vascular remodeling activity.	dat/pancreas/pancreas_cell_state_markers.gmt	dat/pancreas/pancreas_cell_state_markers.xlsx	process_gradient	pancreas_endothelial_angiogenic_tip_endothelial	Angiogenic tip endothelial	pancreas	Pancreas
false	endothelial	Endothelial	Activated/inflammatory endothelial adhesion and cytokine response panel.	2026-05-26	Inflammatory endothelial	curated_pancreas_cell_state_marker_set	continuous_gradient	false	false	reviewed	10	1	portal_flagged	within_tissue_cell_type	Inflammatory endothelial represents inflammatory activation in Endothelial.	dat/pancreas/pancreas_cell_state_markers.gmt	dat/pancreas/pancreas_cell_state_markers.xlsx	process_gradient	pancreas_endothelial_inflammatory_endothelial	Inflammatory endothelial	pancreas	Pancreas
false	endothelial	Endothelial	Islet-specific endothelial cell signature from human pancreas endothelial atlas.	2026-05-26	Islet specific endothelial	curated_pancreas_cell_state_marker_set	needs_review	false	false	reviewed	10	1	portal_default	within_tissue_cell_type	Islet specific endothelial is a curated marker panel for Endothelial in Pancreas. The biological interpretation needs review or more specific annotation.	dat/pancreas/pancreas_cell_state_markers.gmt	dat/pancreas/pancreas_cell_state_markers.xlsx	unknown	pancreas_endothelial_islet_specific_endothelial	Islet specific endothelial	pancreas	Pancreas
false	endothelial	Endothelial	Canonical vascular endothelial identity panel.	2026-05-26	Pan endothelial identity	curated_pancreas_cell_state_marker_set	continuous_gradient	false	false	reviewed	10	1	portal_default	within_tissue_cell_type	Pan endothelial identity represents a curated identity or subtype marker program within Endothelial.	dat/pancreas/pancreas_cell_state_markers.gmt	dat/pancreas/pancreas_cell_state_markers.xlsx	broad_identity_gradient	pancreas_endothelial_pan_endothelial_identity	Pan endothelial identity	pancreas	Pancreas
false	gamma_cell	Gamma cell	Gamma-cell bihormonal/plasticity panel; can also indicate doublets or ambient hormones.	2026-05-26	Bihormonal gamma plasticity	curated_pancreas_cell_state_marker_set	needs_review	false	false	reviewed	10	1	exploratory	within_tissue_cell_type	Bihormonal gamma plasticity is a curated marker panel for Gamma cell in Pancreas. The biological interpretation needs review or more specific annotation.	dat/pancreas/pancreas_cell_state_markers.gmt	dat/pancreas/pancreas_cell_state_markers.xlsx	unknown	pancreas_gamma_cell_bihormonal_gamma_plasticity	Bihormonal gamma plasticity	pancreas	Pancreas
false	gamma_cell	Gamma cell	Generic endocrine UPR panel; less gamma-specific evidence than for beta/alpha cells.	2026-05-26	Er stress upr	curated_pancreas_cell_state_marker_set	continuous_gradient	false	false	reviewed	10	2	portal_flagged	within_tissue_cell_type	UPR / ER stress reflects activation of unfolded-protein-response and ER proteostasis machinery in the parent cell type.	dat/pancreas/pancreas_cell_state_markers.gmt	dat/pancreas/pancreas_cell_state_markers.xlsx	process_gradient	pancreas_gamma_cell_er_stress_upr	Er stress upr	pancreas	Pancreas
false	gamma_cell	Gamma cell	Generic endocrine interferon/MHC panel; check immune contamination.	2026-05-26	Interferon mhc response	curated_pancreas_cell_state_marker_set	continuous_gradient	false	false	reviewed	10	2	portal_flagged	within_tissue_cell_type	Interferon / MHC response captures inflammatory, antiviral, and antigen-presentation activity within the parent cell type.	dat/pancreas/pancreas_cell_state_markers.gmt	dat/pancreas/pancreas_cell_state_markers.xlsx	process_gradient	pancreas_gamma_cell_interferon_mhc_response	Interferon mhc response	pancreas	Pancreas
false	gamma_cell	Gamma cell	Pancreatic polypeptide/gamma-cell identity panel.	2026-05-26	Pp gamma cell identity	curated_pancreas_cell_state_marker_set	continuous_gradient	false	false	reviewed	10	1	portal_default	within_tissue_cell_type	Pp gamma cell identity represents a curated identity or subtype marker program within Gamma cell.	dat/pancreas/pancreas_cell_state_markers.gmt	dat/pancreas/pancreas_cell_state_markers.xlsx	broad_identity_gradient	pancreas_gamma_cell_pp_gamma_cell_identity	Pp gamma cell identity	pancreas	Pancreas
false	macrophage	Macrophage	MHC class II antigen-presentation macrophage panel.	2026-05-26	Antigen presenting macrophage	curated_pancreas_cell_state_marker_set	continuous_gradient	false	false	reviewed	10	1	portal_default	within_tissue_cell_type	Interferon / MHC response captures inflammatory, antiviral, and antigen-presentation activity within the parent cell type.	dat/pancreas/pancreas_cell_state_markers.gmt	dat/pancreas/pancreas_cell_state_markers.xlsx	process_gradient	pancreas_macrophage_antigen_presenting_macrophage	Antigen presenting macrophage	pancreas	Pancreas
false	macrophage	Macrophage	Inflammatory recruited monocyte-like macrophage panel.	2026-05-26	Inflammatory monocyte like macrophage	curated_pancreas_cell_state_marker_set	continuous_gradient	false	false	reviewed	10	1	portal_default	within_tissue_cell_type	Inflammatory monocyte like macrophage represents inflammatory activation in Macrophage.	dat/pancreas/pancreas_cell_state_markers.gmt	dat/pancreas/pancreas_cell_state_markers.xlsx	process_gradient	pancreas_macrophage_inflammatory_monocyte_like_macrophage	Inflammatory monocyte like macrophage	pancreas	Pancreas
false	macrophage	Macrophage	Lipid/phagocytic macrophage panel; can overlap tissue-remodeling or tumor-associated macrophage programs.	2026-05-26	Lipid phagocytic macrophage	curated_pancreas_cell_state_marker_set	continuous_gradient	false	false	reviewed	10	1	portal_flagged	within_tissue_cell_type	Lipid phagocytic macrophage captures lipid-handling or phagocytic activity often associated with tissue remodeling or disease.	dat/pancreas/pancreas_cell_state_markers.gmt	dat/pancreas/pancreas_cell_state_markers.xlsx	process_gradient	pancreas_macrophage_lipid_phagocytic_macrophage	Lipid phagocytic macrophage	pancreas	Pancreas
false	macrophage	Macrophage	Resident/complement macrophage panel.	2026-05-26	Resident complement macrophage	curated_pancreas_cell_state_marker_set	continuous_gradient	false	false	reviewed	10	1	portal_default	within_tissue_cell_type	Resident complement macrophage represents a curated identity or subtype marker program within Macrophage.	dat/pancreas/pancreas_cell_state_markers.gmt	dat/pancreas/pancreas_cell_state_markers.xlsx	broad_identity_gradient	pancreas_macrophage_resident_complement_macrophage	Resident complement macrophage	pancreas	Pancreas
false	muc5b_ductal	MUC5B+ ductal	Ductal epithelial backbone for MUC5B-positive ductal cells.	2026-05-26	Ductal epithelial identity	curated_pancreas_cell_state_marker_set	continuous_gradient	false	false	reviewed	10	1	portal_default	within_tissue_cell_type	Ductal epithelial identity represents a curated identity or subtype marker program within MUC5B+ ductal.	dat/pancreas/pancreas_cell_state_markers.gmt	dat/pancreas/pancreas_cell_state_markers.xlsx	broad_identity_gradient	pancreas_muc5b_positive_ductal_ductal_epithelial_identity	Ductal epithelial identity	pancreas	Pancreas
false	muc5b_ductal	MUC5B+ ductal	Inflammatory epithelial response; check immune ambient RNA and MHC-high doublets.	2026-05-26	Inflammatory ductal	curated_pancreas_cell_state_marker_set	continuous_gradient	false	false	reviewed	10	1	portal_flagged	within_tissue_cell_type	Inflammatory ductal represents inflammatory activation in MUC5B+ ductal.	dat/pancreas/pancreas_cell_state_markers.gmt	dat/pancreas/pancreas_cell_state_markers.xlsx	process_gradient	pancreas_muc5b_positive_ductal_inflammatory_ductal	Inflammatory ductal	pancreas	Pancreas
false	muc5b_ductal	MUC5B+ ductal	Primary marker panel for the MUC5B-positive ductal annotation.	2026-05-26	Mucinous secretory ductal	curated_pancreas_cell_state_marker_set	continuous_gradient	false	false	reviewed	10	1	portal_default	within_tissue_cell_type	Mucinous secretory ductal captures a functional activity program in MUC5B+ ductal.	dat/pancreas/pancreas_cell_state_markers.gmt	dat/pancreas/pancreas_cell_state_markers.xlsx	broad_function_gradient	pancreas_muc5b_positive_ductal_mucinous_secretory_ductal	Mucinous secretory ductal	pancreas	Pancreas
false	pancreatic_active_stellate	Pancreatic active stellate	Activated myofibroblast-like pancreatic stellate/fibrotic ECM panel.	2026-05-26	Activated fibrotic stellate	curated_pancreas_cell_state_marker_set	continuous_gradient	false	false	reviewed	10	1	portal_default	within_tissue_cell_type	Activated fibrotic stellate captures remodeling, extracellular matrix, or transition-like activity in Pancreatic active stellate.	dat/pancreas/pancreas_cell_state_markers.gmt	dat/pancreas/pancreas_cell_state_markers.xlsx	process_gradient	pancreas_pancreatic_active_stellate_activated_fibrotic_stellate	Activated fibrotic stellate	pancreas	Pancreas
false	pancreatic_active_stellate	Pancreatic active stellate	Inflammatory fibroblast/stellate-like panel; not specific to pancreatic stellate cells.	2026-05-26	Inflammatory stellate	curated_pancreas_cell_state_marker_set	continuous_gradient	false	false	reviewed	10	1	portal_flagged	within_tissue_cell_type	Inflammatory stellate represents inflammatory activation in Pancreatic active stellate.	dat/pancreas/pancreas_cell_state_markers.gmt	dat/pancreas/pancreas_cell_state_markers.xlsx	process_gradient	pancreas_pancreatic_active_stellate_inflammatory_stellate	Inflammatory stellate	pancreas	Pancreas
true	pancreatic_active_stellate	Pancreatic active stellate	Generic cell-cycle state; interpret within the parent cell type.	2026-05-26	Proliferative cell cycle	curated_pancreas_cell_state_marker_set	continuous_or_hard_callable_if_separable	false	false	reviewed	10	2	portal_default	within_tissue_cell_type	Proliferation / cell cycle captures cycling cells using canonical S/G2M and mitotic markers.	dat/pancreas/pancreas_cell_state_markers.gmt	dat/pancreas/pancreas_cell_state_markers.xlsx	rare_process	pancreas_pancreatic_active_stellate_proliferative_cell_cycle	Proliferative cell cycle	pancreas	Pancreas
false	pancreatic_quiescent_stellate	Pancreatic quiescent stellate	Quiescent stellate/pericyte-like marker panel.	2026-05-26	Quiescent stellate pericyte like	curated_pancreas_cell_state_marker_set	continuous_gradient	false	false	reviewed	10	1	portal_default	within_tissue_cell_type	Quiescent stellate pericyte like represents a curated identity or subtype marker program within Pancreatic quiescent stellate.	dat/pancreas/pancreas_cell_state_markers.gmt	dat/pancreas/pancreas_cell_state_markers.xlsx	broad_identity_gradient	pancreas_pancreatic_quiescent_stellate_quiescent_stellate_pericyte_like	Quiescent stellate pericyte like	pancreas	Pancreas
false	pancreatic_quiescent_stellate	Pancreatic quiescent stellate	Retinoid/lipid-storage panel for quiescent pancreatic stellate cells.	2026-05-26	Retinoid lipid storage	curated_pancreas_cell_state_marker_set	continuous_gradient	false	false	reviewed	10	1	portal_default	within_tissue_cell_type	Retinoid lipid storage captures a functional activity program in Pancreatic quiescent stellate.	dat/pancreas/pancreas_cell_state_markers.gmt	dat/pancreas/pancreas_cell_state_markers.xlsx	broad_function_gradient	pancreas_pancreatic_quiescent_stellate_retinoid_lipid_storage	Retinoid lipid storage	pancreas	Pancreas
false	adipocyte	Adipocyte	Beige or thermogenic adipocyte panel; UCP1 may be sparse in human SAT.	2026-05-26	Beige thermogenic adipocyte	Beige or thermogenic adipocyte panel; UCP1 may be sparse in human SAT.	needs_review	false	false	reviewed	10	1	portal_default	within_tissue_cell_type	Beige thermogenic adipocyte is a curated marker panel for Adipocyte in SAT. The biological interpretation needs review or more specific annotation.	dat/sat/sat_cell_state_markers.gmt	dat/sat/sat_cell_state_markers.xlsx	unknown	sat_adipocyte_beige_thermogenic_adipocyte	Beige thermogenic adipocyte	sat	SAT
false	adipocyte	Adipocyte	Insulin signaling, glucose transport and lipogenesis panel for mature adipocytes.	2026-05-26	Insulin responsive lipogenic adipocyte	Insulin signaling, glucose transport and lipogenesis panel for mature adipocytes.	needs_review	false	false	reviewed	10	1	portal_default	within_tissue_cell_type	Insulin responsive lipogenic adipocyte is a curated marker panel for Adipocyte in SAT. The biological interpretation needs review or more specific annotation.	dat/sat/sat_cell_state_markers.gmt	dat/sat/sat_cell_state_markers.xlsx	unknown	sat_adipocyte_insulin_responsive_lipogenic_adipocyte	Insulin responsive lipogenic adipocyte	sat	SAT
false	adipocyte	Adipocyte	Adipokine/endocrine adipocyte panel; CCL2/VEGFA can reflect stress or stromal interaction.	2026-05-26	LEP high endocrine adipocyte	Adipokine/endocrine adipocyte panel; CCL2/VEGFA can reflect stress or stromal interaction.	continuous_gradient	false	false	reviewed	10	1	portal_default	within_tissue_cell_type	LEP high endocrine adipocyte captures a functional activity program in Adipocyte.	dat/sat/sat_cell_state_markers.gmt	dat/sat/sat_cell_state_markers.xlsx	broad_function_gradient	sat_adipocyte_lep_high_endocrine_adipocyte	LEP high endocrine adipocyte	sat	SAT
false	adipocyte	Adipocyte	Inflammatory adipocyte/adipokine state; verify parent adipocyte purity and dissociation effects.	2026-05-26	SAA inflammatory adipocyte	Inflammatory adipocyte/adipokine state; verify parent adipocyte purity and dissociation effects.	continuous_gradient	false	false	reviewed	10	1	portal_flagged	within_tissue_cell_type	SAA inflammatory adipocyte represents inflammatory activation in Adipocyte.	dat/sat/sat_cell_state_markers.gmt	dat/sat/sat_cell_state_markers.xlsx	process_gradient	sat_adipocyte_saa_inflammatory_adipocyte	SAA inflammatory adipocyte	sat	SAT
false	adipocyte	Adipocyte	Mature white adipocyte identity and lipid storage panel.	2026-05-26	White adipocyte lipid storage	Mature white adipocyte identity and lipid storage panel.	continuous_gradient	false	false	reviewed	10	1	portal_default	within_tissue_cell_type	White adipocyte lipid storage captures a functional activity program in Adipocyte.	dat/sat/sat_cell_state_markers.gmt	dat/sat/sat_cell_state_markers.xlsx	broad_function_gradient	sat_adipocyte_white_adipocyte_lipid_storage	White adipocyte lipid storage	sat	SAT
false	aspc	ASPC	MHC-II-positive stromal state; check for immune doublets and batch effects before interpretation.	2026-05-26	CD74 antigen presenting ASPC	MHC-II-positive stromal state; check for immune doublets and batch effects before interpretation.	continuous_gradient	false	false	reviewed	10	1	portal_flagged	within_tissue_cell_type	Interferon / MHC response captures inflammatory, antiviral, and antigen-presentation activity within the parent cell type.	dat/sat/sat_cell_state_markers.gmt	dat/sat/sat_cell_state_markers.xlsx	process_gradient	sat_aspc_cd74_antigen_presenting_aspc	CD74 antigen presenting ASPC	sat	SAT
false	aspc	ASPC	Committed preadipocyte/adipogenic ASPC panel; validate against mature adipocyte leakage.	2026-05-26	Committed preadipocyte	Committed preadipocyte/adipogenic ASPC panel; validate against mature adipocyte leakage.	needs_review	false	false	reviewed	10	1	portal_default	within_tissue_cell_type	Committed preadipocyte is a curated marker panel for ASPC in SAT. The biological interpretation needs review or more specific annotation.	dat/sat/sat_cell_state_markers.gmt	dat/sat/sat_cell_state_markers.xlsx	unknown	sat_aspc_committed_preadipocyte	Committed preadipocyte	sat	SAT
false	aspc	ASPC	CD142/F3 and ECM-rich adipogenesis-regulatory or fibrotic ASPC-like state; can overlap activated fibroblast programs.	2026-05-26	F3 CXCL12 adipogenesis regulatory ASPC	CD142/F3 and ECM-rich adipogenesis-regulatory or fibrotic ASPC-like state; can overlap activated fibroblast programs.	needs_review	false	false	reviewed	10	1	portal_flagged	within_tissue_cell_type	F3 CXCL12 adipogenesis regulatory ASPC is a curated marker panel for ASPC in SAT. The biological interpretation needs review or more specific annotation.	dat/sat/sat_cell_state_markers.gmt	dat/sat/sat_cell_state_markers.xlsx	unknown	sat_aspc_f3_cxcl12_adipogenesis_regulatory_aspc	F3 CXCL12 adipogenesis regulatory ASPC	sat	SAT
false	aspc	ASPC	Conservative adipose progenitor/adventitial FAP panel; use as ASPC identity and early progenitor state.	2026-05-26	Multipotent adventitial ASPC	Conservative adipose progenitor/adventitial FAP panel; use as ASPC identity and early progenitor state.	needs_review	false	false	reviewed	10	1	portal_default	within_tissue_cell_type	Multipotent adventitial ASPC is a curated marker panel for ASPC in SAT. The biological interpretation needs review or more specific annotation.	dat/sat/sat_cell_state_markers.gmt	dat/sat/sat_cell_state_markers.xlsx	unknown	sat_aspc_multipotent_adventitial_aspc	Multipotent adventitial ASPC	sat	SAT
true	aspc	ASPC	Generic cell-cycle program within ASPC; not adipose-specific.	2026-05-26	Proliferating ASPC	Generic cell-cycle program within ASPC; not adipose-specific.	continuous_or_hard_callable_if_separable	false	false	reviewed	10	2	portal_flagged	within_tissue_cell_type	Proliferation / cell cycle captures cycling cells using canonical S/G2M and mitotic markers.	dat/sat/sat_cell_state_markers.gmt	dat/sat/sat_cell_state_markers.xlsx	rare_process	sat_aspc_proliferating_aspc	Proliferating ASPC	sat	SAT
false	b_cell	B cell	Generic type-I interferon response program.	2026-05-26	Interferon response B cell	Generic type-I interferon response program.	continuous_gradient	false	false	reviewed	10	2	portal_flagged	within_tissue_cell_type	Interferon / MHC response captures inflammatory, antiviral, and antigen-presentation activity within the parent cell type.	dat/sat/sat_cell_state_markers.gmt	dat/sat/sat_cell_state_markers.xlsx	process_gradient	sat_b_cell_interferon_response_b_cell	Interferon response B cell	sat	SAT
false	b_cell	B cell	Memory or activated B cell panel.	2026-05-26	Memory activated B cell	Memory or activated B cell panel.	needs_review	false	false	reviewed	10	1	portal_default	within_tissue_cell_type	Memory activated B cell is a curated marker panel for B cell in SAT. The biological interpretation needs review or more specific annotation.	dat/sat/sat_cell_state_markers.gmt	dat/sat/sat_cell_state_markers.xlsx	unknown	sat_b_cell_memory_activated_b_cell	Memory activated B cell	sat	SAT
false	b_cell	B cell	Naive B cell panel.	2026-05-26	Naive B cell	Naive B cell panel.	needs_review	false	false	reviewed	10	1	portal_default	within_tissue_cell_type	Naive B cell is a curated marker panel for B cell in SAT. The biological interpretation needs review or more specific annotation.	dat/sat/sat_cell_state_markers.gmt	dat/sat/sat_cell_state_markers.xlsx	unknown	sat_b_cell_naive_b_cell	Naive B cell	sat	SAT
false	b_cell	B cell	Plasma cell or plasmablast panel.	2026-05-26	Plasma plasmablast	Plasma cell or plasmablast panel.	needs_review	false	false	reviewed	10	1	portal_default	within_tissue_cell_type	Plasma plasmablast is a curated marker panel for B cell in SAT. The biological interpretation needs review or more specific annotation.	dat/sat/sat_cell_state_markers.gmt	dat/sat/sat_cell_state_markers.xlsx	unknown	sat_b_cell_plasma_plasmablast	Plasma plasmablast	sat	SAT
false	dendritic_cell	Dendritic cell	Conventional dendritic cell 1 panel.	2026-05-26	CDC1	Conventional dendritic cell 1 panel.	needs_review	false	false	reviewed	10	1	portal_default	within_tissue_cell_type	CDC1 is a curated marker panel for Dendritic cell in SAT. The biological interpretation needs review or more specific annotation.	dat/sat/sat_cell_state_markers.gmt	dat/sat/sat_cell_state_markers.xlsx	unknown	sat_dendritic_cell_cdc1	CDC1	sat	SAT
false	dendritic_cell	Dendritic cell	Conventional dendritic cell 2 panel.	2026-05-26	CDC2	Conventional dendritic cell 2 panel.	needs_review	false	false	reviewed	10	1	portal_default	within_tissue_cell_type	CDC2 is a curated marker panel for Dendritic cell in SAT. The biological interpretation needs review or more specific annotation.	dat/sat/sat_cell_state_markers.gmt	dat/sat/sat_cell_state_markers.xlsx	unknown	sat_dendritic_cell_cdc2	CDC2	sat	SAT
false	dendritic_cell	Dendritic cell	Mature migratory/CCR7 dendritic cell panel.	2026-05-26	Mature CCR7 dendritic cell	Mature migratory/CCR7 dendritic cell panel.	needs_review	false	false	reviewed	10	1	portal_default	within_tissue_cell_type	Mature CCR7 dendritic cell is a curated marker panel for Dendritic cell in SAT. The biological interpretation needs review or more specific annotation.	dat/sat/sat_cell_state_markers.gmt	dat/sat/sat_cell_state_markers.xlsx	unknown	sat_dendritic_cell_mature_ccr7_dendritic_cell	Mature CCR7 dendritic cell	sat	SAT
false	dendritic_cell	Dendritic cell	Inflammatory monocyte-derived DC-like state; can overlap monocytes.	2026-05-26	Monocyte derived inflammatory DC	Inflammatory monocyte-derived DC-like state; can overlap monocytes.	continuous_gradient	false	false	reviewed	10	1	portal_flagged	within_tissue_cell_type	Monocyte derived inflammatory DC represents inflammatory activation in Dendritic cell.	dat/sat/sat_cell_state_markers.gmt	dat/sat/sat_cell_state_markers.xlsx	process_gradient	sat_dendritic_cell_monocyte_derived_inflammatory_dc	Monocyte derived inflammatory DC	sat	SAT
false	dendritic_cell	Dendritic cell	Plasmacytoid dendritic cell panel.	2026-05-26	Plasmacytoid dendritic cell	Plasmacytoid dendritic cell panel.	needs_review	false	false	reviewed	10	1	portal_default	within_tissue_cell_type	Plasmacytoid dendritic cell is a curated marker panel for Dendritic cell in SAT. The biological interpretation needs review or more specific annotation.	dat/sat/sat_cell_state_markers.gmt	dat/sat/sat_cell_state_markers.xlsx	unknown	sat_dendritic_cell_plasmacytoid_dendritic_cell	Plasmacytoid dendritic cell	sat	SAT
false	endothelial	Endothelial	Angiogenic and proliferative endothelial response; generic growth program.	2026-05-26	Angiogenic endothelial	Angiogenic and proliferative endothelial response; generic growth program.	continuous_gradient	false	false	reviewed	10	1	portal_flagged	within_tissue_cell_type	Angiogenic endothelial captures angiogenic or vascular remodeling activity.	dat/sat/sat_cell_state_markers.gmt	dat/sat/sat_cell_state_markers.xlsx	process_gradient	sat_endothelial_angiogenic_endothelial	Angiogenic endothelial	sat	SAT
false	endothelial	Endothelial	Arterial endothelial panel.	2026-05-26	Arterial endothelial	Arterial endothelial panel.	continuous_gradient	false	false	reviewed	10	1	portal_default	within_tissue_cell_type	Arterial endothelial represents a curated identity or subtype marker program within Endothelial.	dat/sat/sat_cell_state_markers.gmt	dat/sat/sat_cell_state_markers.xlsx	broad_identity_gradient	sat_endothelial_arterial_endothelial	Arterial endothelial	sat	SAT
false	endothelial	Endothelial	Blood capillary endothelial panel for adipose tissue.	2026-05-26	Capillary endothelial	Blood capillary endothelial panel for adipose tissue.	continuous_gradient	false	false	reviewed	10	1	portal_default	within_tissue_cell_type	Capillary endothelial represents a curated identity or subtype marker program within Endothelial.	dat/sat/sat_cell_state_markers.gmt	dat/sat/sat_cell_state_markers.xlsx	broad_identity_gradient	sat_endothelial_capillary_endothelial	Capillary endothelial	sat	SAT
false	endothelial	Endothelial	Activated inflammatory endothelial response; check disease, donor and dissociation covariates.	2026-05-26	Inflammatory endothelial	Activated inflammatory endothelial response; check disease, donor and dissociation covariates.	continuous_gradient	false	false	reviewed	10	1	portal_flagged	within_tissue_cell_type	Inflammatory endothelial represents inflammatory activation in Endothelial.	dat/sat/sat_cell_state_markers.gmt	dat/sat/sat_cell_state_markers.xlsx	process_gradient	sat_endothelial_inflammatory_endothelial	Inflammatory endothelial	sat	SAT
false	endothelial	Endothelial	Adipose endothelial lipid transport/metabolic program; cross-check against adipocyte ambient RNA.	2026-05-26	Lipid transport endothelial	Adipose endothelial lipid transport/metabolic program; cross-check against adipocyte ambient RNA.	needs_review	false	false	reviewed	10	1	portal_default	within_tissue_cell_type	Lipid transport endothelial is a curated marker panel for Endothelial in SAT. The biological interpretation needs review or more specific annotation.	dat/sat/sat_cell_state_markers.gmt	dat/sat/sat_cell_state_markers.xlsx	unknown	sat_endothelial_lipid_transport_endothelial	Lipid transport endothelial	sat	SAT
false	endothelial	Endothelial	Venous endothelial panel; some adhesion genes also rise with inflammation.	2026-05-26	Venous endothelial	Venous endothelial panel; some adhesion genes also rise with inflammation.	continuous_gradient	false	false	reviewed	10	1	portal_default	within_tissue_cell_type	Venous endothelial represents a curated identity or subtype marker program within Endothelial.	dat/sat/sat_cell_state_markers.gmt	dat/sat/sat_cell_state_markers.xlsx	broad_identity_gradient	sat_endothelial_venous_endothelial	Venous endothelial	sat	SAT
true	lec	LEC	Angiogenic and cell-cycle LEC program; generic growth response.	2026-05-26	Angiogenic proliferating LEC	Angiogenic and cell-cycle LEC program; generic growth response.	continuous_or_hard_callable_if_separable	false	false	reviewed	10	2	portal_flagged	within_tissue_cell_type	Proliferation / cell cycle captures cycling cells using canonical S/G2M and mitotic markers.	dat/sat/sat_cell_state_markers.gmt	dat/sat/sat_cell_state_markers.xlsx	rare_process	sat_lec_angiogenic_proliferating_lec	Angiogenic proliferating LEC	sat	SAT
false	lec	LEC	Canonical lymphatic endothelial cell identity panel.	2026-05-26	Canonical lymphatic endothelial	Canonical lymphatic endothelial cell identity panel.	continuous_gradient	false	false	reviewed	10	1	portal_default	within_tissue_cell_type	Canonical lymphatic endothelial represents a curated identity or subtype marker program within LEC.	dat/sat/sat_cell_state_markers.gmt	dat/sat/sat_cell_state_markers.xlsx	broad_identity_gradient	sat_lec_canonical_lymphatic_endothelial	Canonical lymphatic endothelial	sat	SAT
false	lec	LEC	Collecting or valve-like lymphatic endothelial program; validate spatially if possible.	2026-05-26	Collecting valve LEC	Collecting or valve-like lymphatic endothelial program; validate spatially if possible.	needs_review	false	false	reviewed	10	1	portal_default	within_tissue_cell_type	Collecting valve LEC is a curated marker panel for LEC in SAT. The biological interpretation needs review or more specific annotation.	dat/sat/sat_cell_state_markers.gmt	dat/sat/sat_cell_state_markers.xlsx	unknown	sat_lec_collecting_valve_lec	Collecting valve LEC	sat	SAT
false	lec	LEC	Inflammatory or immune-interacting LEC state; check immune doublets and MHC-II artifacts.	2026-05-26	Immune interacting inflammatory LEC	Inflammatory or immune-interacting LEC state; check immune doublets and MHC-II artifacts.	continuous_gradient	false	false	reviewed	10	1	portal_flagged	within_tissue_cell_type	Immune interacting inflammatory LEC represents inflammatory activation in LEC.	dat/sat/sat_cell_state_markers.gmt	dat/sat/sat_cell_state_markers.xlsx	process_gradient	sat_lec_immune_interacting_inflammatory_lec	Immune interacting inflammatory LEC	sat	SAT
false	macrophage	Macrophage	MHC-II and antigen-presentation macrophage panel.	2026-05-26	Antigen presenting macrophage	MHC-II and antigen-presentation macrophage panel.	continuous_gradient	false	false	reviewed	10	1	portal_default	within_tissue_cell_type	Interferon / MHC response captures inflammatory, antiviral, and antigen-presentation activity within the parent cell type.	dat/sat/sat_cell_state_markers.gmt	dat/sat/sat_cell_state_markers.xlsx	process_gradient	sat_macrophage_antigen_presenting_macrophage	Antigen presenting macrophage	sat	SAT
false	macrophage	Macrophage	Inflammatory/redox metabolic macrophage program; subcutaneous WAT Mox-like context.	2026-05-26	Inflammatory Mox macrophage	Inflammatory/redox metabolic macrophage program; subcutaneous WAT Mox-like context.	continuous_gradient	false	false	reviewed	10	1	portal_flagged	within_tissue_cell_type	Inflammatory Mox macrophage represents inflammatory activation in Macrophage.	dat/sat/sat_cell_state_markers.gmt	dat/sat/sat_cell_state_markers.xlsx	process_gradient	sat_macrophage_inflammatory_mox_macrophage	Inflammatory Mox macrophage	sat	SAT
false	macrophage	Macrophage	Lipid-associated macrophage panel conserved in metabolic adipose contexts.	2026-05-26	Lipid associated macrophage	Lipid-associated macrophage panel conserved in metabolic adipose contexts.	continuous_gradient	false	false	reviewed	10	1	portal_default	within_tissue_cell_type	Lipid associated macrophage captures lipid-handling or phagocytic activity often associated with tissue remodeling or disease.	dat/sat/sat_cell_state_markers.gmt	dat/sat/sat_cell_state_markers.xlsx	process_gradient	sat_macrophage_lipid_associated_macrophage	Lipid associated macrophage	sat	SAT
true	macrophage	Macrophage	Generic cell-cycle macrophage program.	2026-05-26	Proliferating macrophage	Generic cell-cycle macrophage program.	continuous_or_hard_callable_if_separable	false	false	reviewed	10	2	portal_flagged	within_tissue_cell_type	Proliferation / cell cycle captures cycling cells using canonical S/G2M and mitotic markers.	dat/sat/sat_cell_state_markers.gmt	dat/sat/sat_cell_state_markers.xlsx	rare_process	sat_macrophage_proliferating_macrophage	Proliferating macrophage	sat	SAT
false	macrophage	Macrophage	Adipose resident M2-like macrophage panel.	2026-05-26	Resident M2 like macrophage	Adipose resident M2-like macrophage panel.	continuous_gradient	false	false	reviewed	10	1	portal_default	within_tissue_cell_type	Resident M2 like macrophage represents a curated identity or subtype marker program within Macrophage.	dat/sat/sat_cell_state_markers.gmt	dat/sat/sat_cell_state_markers.xlsx	broad_identity_gradient	sat_macrophage_resident_m2_like_macrophage	Resident M2 like macrophage	sat	SAT
false	mast_cell	Mast cell	Activated mast cell response; generic activation and stress markers.	2026-05-26	Activated inflammatory mast cell	Activated mast cell response; generic activation and stress markers.	continuous_gradient	false	false	reviewed	10	1	portal_flagged	within_tissue_cell_type	Activated inflammatory mast cell represents inflammatory activation in Mast cell.	dat/sat/sat_cell_state_markers.gmt	dat/sat/sat_cell_state_markers.xlsx	process_gradient	sat_mast_cell_activated_inflammatory_mast_cell	Activated inflammatory mast cell	sat	SAT
false	mast_cell	Mast cell	Chymase and carboxypeptidase mast cell panel.	2026-05-26	Chymase carboxypeptidase mast cell	Chymase and carboxypeptidase mast cell panel.	needs_review	false	false	reviewed	10	1	portal_default	within_tissue_cell_type	Chymase carboxypeptidase mast cell is a curated marker panel for Mast cell in SAT. The biological interpretation needs review or more specific annotation.	dat/sat/sat_cell_state_markers.gmt	dat/sat/sat_cell_state_markers.xlsx	unknown	sat_mast_cell_chymase_carboxypeptidase_mast_cell	Chymase carboxypeptidase mast cell	sat	SAT
false	mast_cell	Mast cell	Tryptase-positive mast cell identity panel.	2026-05-26	Tryptase positive mast cell	Tryptase-positive mast cell identity panel.	needs_review	false	false	reviewed	10	1	portal_default	within_tissue_cell_type	Tryptase positive mast cell is a curated marker panel for Mast cell in SAT. The biological interpretation needs review or more specific annotation.	dat/sat/sat_cell_state_markers.gmt	dat/sat/sat_cell_state_markers.xlsx	unknown	sat_mast_cell_tryptase_positive_mast_cell	Tryptase positive mast cell	sat	SAT
false	monocyte	Monocyte	Classical inflammatory monocyte identity panel.	2026-05-26	Classical monocyte	Classical inflammatory monocyte identity panel.	needs_review	false	false	reviewed	10	1	portal_default	within_tissue_cell_type	Classical monocyte is a curated marker panel for Monocyte in SAT. The biological interpretation needs review or more specific annotation.	dat/sat/sat_cell_state_markers.gmt	dat/sat/sat_cell_state_markers.xlsx	unknown	sat_monocyte_classical_monocyte	Classical monocyte	sat	SAT
false	monocyte	Monocyte	Generic type-I interferon response program.	2026-05-26	Interferon response monocyte	Generic type-I interferon response program.	continuous_gradient	false	false	reviewed	10	2	portal_flagged	within_tissue_cell_type	Interferon / MHC response captures inflammatory, antiviral, and antigen-presentation activity within the parent cell type.	dat/sat/sat_cell_state_markers.gmt	dat/sat/sat_cell_state_markers.xlsx	process_gradient	sat_monocyte_interferon_response_monocyte	Interferon response monocyte	sat	SAT
false	monocyte	Monocyte	Intermediate/APC-like monocyte state.	2026-05-26	Intermediate antigen presenting monocyte	Intermediate/APC-like monocyte state.	continuous_gradient	false	false	reviewed	10	1	portal_default	within_tissue_cell_type	Interferon / MHC response captures inflammatory, antiviral, and antigen-presentation activity within the parent cell type.	dat/sat/sat_cell_state_markers.gmt	dat/sat/sat_cell_state_markers.xlsx	process_gradient	sat_monocyte_intermediate_antigen_presenting_monocyte	Intermediate antigen presenting monocyte	sat	SAT
false	monocyte	Monocyte	Non-classical monocyte identity panel.	2026-05-26	Nonclassical monocyte	Non-classical monocyte identity panel.	needs_review	false	false	reviewed	10	1	portal_default	within_tissue_cell_type	Nonclassical monocyte is a curated marker panel for Monocyte in SAT. The biological interpretation needs review or more specific annotation.	dat/sat/sat_cell_state_markers.gmt	dat/sat/sat_cell_state_markers.xlsx	unknown	sat_monocyte_nonclassical_monocyte	Nonclassical monocyte	sat	SAT
false	neutrophil	Neutrophil	Granule and degranulation neutrophil panel.	2026-05-26	Degranulating neutrophil	Granule and degranulation neutrophil panel.	needs_review	false	false	reviewed	10	1	portal_default	within_tissue_cell_type	Degranulating neutrophil is a curated marker panel for Neutrophil in SAT. The biological interpretation needs review or more specific annotation.	dat/sat/sat_cell_state_markers.gmt	dat/sat/sat_cell_state_markers.xlsx	unknown	sat_neutrophil_degranulating_neutrophil	Degranulating neutrophil	sat	SAT
false	neutrophil	Neutrophil	Inflammatory activated neutrophil response.	2026-05-26	Inflammatory activated neutrophil	Inflammatory activated neutrophil response.	continuous_gradient	false	false	reviewed	10	1	portal_flagged	within_tissue_cell_type	Inflammatory activated neutrophil represents inflammatory activation in Neutrophil.	dat/sat/sat_cell_state_markers.gmt	dat/sat/sat_cell_state_markers.xlsx	process_gradient	sat_neutrophil_inflammatory_activated_neutrophil	Inflammatory activated neutrophil	sat	SAT
false	neutrophil	Neutrophil	Generic type-I interferon response program.	2026-05-26	Interferon response neutrophil	Generic type-I interferon response program.	continuous_gradient	false	false	reviewed	10	2	portal_flagged	within_tissue_cell_type	Interferon / MHC response captures inflammatory, antiviral, and antigen-presentation activity within the parent cell type.	dat/sat/sat_cell_state_markers.gmt	dat/sat/sat_cell_state_markers.xlsx	process_gradient	sat_neutrophil_interferon_response_neutrophil	Interferon response neutrophil	sat	SAT
false	neutrophil	Neutrophil	Mature neutrophil identity panel.	2026-05-26	Mature neutrophil	Mature neutrophil identity panel.	needs_review	false	false	reviewed	10	1	portal_default	within_tissue_cell_type	Mature neutrophil is a curated marker panel for Neutrophil in SAT. The biological interpretation needs review or more specific annotation.	dat/sat/sat_cell_state_markers.gmt	dat/sat/sat_cell_state_markers.xlsx	unknown	sat_neutrophil_mature_neutrophil	Mature neutrophil	sat	SAT
false	nk_cell	NK Cell	CD16-positive or adaptive-like NK cell panel.	2026-05-26	CD16 adaptive like NK cell	CD16-positive or adaptive-like NK cell panel.	needs_review	false	false	reviewed	10	1	portal_default	within_tissue_cell_type	CD16 adaptive like NK cell is a curated marker panel for NK Cell in SAT. The biological interpretation needs review or more specific annotation.	dat/sat/sat_cell_state_markers.gmt	dat/sat/sat_cell_state_markers.xlsx	unknown	sat_nk_cell_cd16_adaptive_like_nk_cell	CD16 adaptive like NK cell	sat	SAT
false	nk_cell	NK Cell	Cytotoxic NK cell panel.	2026-05-26	Cytotoxic NK cell	Cytotoxic NK cell panel.	needs_review	false	false	reviewed	10	1	portal_default	within_tissue_cell_type	Cytotoxic NK cell is a curated marker panel for NK Cell in SAT. The biological interpretation needs review or more specific annotation.	dat/sat/sat_cell_state_markers.gmt	dat/sat/sat_cell_state_markers.xlsx	unknown	sat_nk_cell_cytotoxic_nk_cell	Cytotoxic NK cell	sat	SAT
false	nk_cell	NK Cell	Cytokine/GZMK NK or NKT-like panel; check T-cell marker contamination.	2026-05-26	GZMK IL7R NK NKT like	Cytokine/GZMK NK or NKT-like panel; check T-cell marker contamination.	needs_review	false	false	reviewed	10	1	portal_default	within_tissue_cell_type	GZMK IL7R NK NKT like is a curated marker panel for NK Cell in SAT. The biological interpretation needs review or more specific annotation.	dat/sat/sat_cell_state_markers.gmt	dat/sat/sat_cell_state_markers.xlsx	unknown	sat_nk_cell_gzmk_il7r_nk_nkt_like	GZMK IL7R NK NKT like	sat	SAT
false	nk_cell	NK Cell	Generic type-I interferon response program.	2026-05-26	Interferon response NK cell	Generic type-I interferon response program.	continuous_gradient	false	false	reviewed	10	2	portal_flagged	within_tissue_cell_type	Interferon / MHC response captures inflammatory, antiviral, and antigen-presentation activity within the parent cell type.	dat/sat/sat_cell_state_markers.gmt	dat/sat/sat_cell_state_markers.xlsx	process_gradient	sat_nk_cell_interferon_response_nk_cell	Interferon response NK cell	sat	SAT
true	nk_cell	NK Cell	Generic cell-cycle program within NK cells.	2026-05-26	Proliferating NK cell	Generic cell-cycle program within NK cells.	continuous_or_hard_callable_if_separable	false	false	reviewed	10	2	portal_flagged	within_tissue_cell_type	Proliferation / cell cycle captures cycling cells using canonical S/G2M and mitotic markers.	dat/sat/sat_cell_state_markers.gmt	dat/sat/sat_cell_state_markers.xlsx	rare_process	sat_nk_cell_proliferating_nk_cell	Proliferating NK cell	sat	SAT
false	pericyte	Pericyte	Pericyte vascular support and basement-membrane interaction panel.	2026-05-26	Angiogenic support pericyte	Pericyte vascular support and basement-membrane interaction panel.	continuous_gradient	false	false	reviewed	10	1	portal_default	within_tissue_cell_type	Angiogenic support pericyte captures angiogenic or vascular remodeling activity.	dat/sat/sat_cell_state_markers.gmt	dat/sat/sat_cell_state_markers.xlsx	process_gradient	sat_pericyte_angiogenic_support_pericyte	Angiogenic support pericyte	sat	SAT
false	pericyte	Pericyte	Canonical pericyte and mural-cell identity panel.	2026-05-26	Canonical pericyte	Canonical pericyte and mural-cell identity panel.	continuous_gradient	false	false	reviewed	10	1	portal_default	within_tissue_cell_type	Canonical pericyte represents a curated identity or subtype marker program within Pericyte.	dat/sat/sat_cell_state_markers.gmt	dat/sat/sat_cell_state_markers.xlsx	broad_identity_gradient	sat_pericyte_canonical_pericyte	Canonical pericyte	sat	SAT
false	pericyte	Pericyte	Contractile mural/pericyte program; may overlap SMC.	2026-05-26	Contractile pericyte	Contractile mural/pericyte program; may overlap SMC.	continuous_gradient	false	false	reviewed	10	1	portal_default	within_tissue_cell_type	Contractile pericyte captures a functional activity program in Pericyte.	dat/sat/sat_cell_state_markers.gmt	dat/sat/sat_cell_state_markers.xlsx	broad_function_gradient	sat_pericyte_contractile_pericyte	Contractile pericyte	sat	SAT
false	pericyte	Pericyte	ECM-remodeling pericyte/fibrotic mural state; check ASPC and fibroblast overlap.	2026-05-26	ECM remodeling pericyte	ECM-remodeling pericyte/fibrotic mural state; check ASPC and fibroblast overlap.	continuous_gradient	false	false	reviewed	10	1	portal_flagged	within_tissue_cell_type	ECM remodeling pericyte captures remodeling, extracellular matrix, or transition-like activity in Pericyte.	dat/sat/sat_cell_state_markers.gmt	dat/sat/sat_cell_state_markers.xlsx	process_gradient	sat_pericyte_ecm_remodeling_pericyte	ECM remodeling pericyte	sat	SAT
false	smc	SMC	Canonical contractile vascular smooth muscle identity.	2026-05-26	Contractile SMC	Canonical contractile vascular smooth muscle identity.	continuous_gradient	false	false	reviewed	10	1	portal_default	within_tissue_cell_type	Contractile SMC captures a functional activity program in SMC.	dat/sat/sat_cell_state_markers.gmt	dat/sat/sat_cell_state_markers.xlsx	broad_function_gradient	sat_smc_contractile_smc	Contractile SMC	sat	SAT
false	smc	SMC	Inflammatory SMC response; generic activation program.	2026-05-26	Inflammatory SMC	Inflammatory SMC response; generic activation program.	continuous_gradient	false	false	reviewed	10	1	portal_flagged	within_tissue_cell_type	Inflammatory SMC represents inflammatory activation in SMC.	dat/sat/sat_cell_state_markers.gmt	dat/sat/sat_cell_state_markers.xlsx	process_gradient	sat_smc_inflammatory_smc	Inflammatory SMC	sat	SAT
true	smc	SMC	Generic cell-cycle program within SMC.	2026-05-26	Proliferating SMC	Generic cell-cycle program within SMC.	continuous_or_hard_callable_if_separable	false	false	reviewed	10	2	portal_flagged	within_tissue_cell_type	Proliferation / cell cycle captures cycling cells using canonical S/G2M and mitotic markers.	dat/sat/sat_cell_state_markers.gmt	dat/sat/sat_cell_state_markers.xlsx	rare_process	sat_smc_proliferating_smc	Proliferating SMC	sat	SAT
false	smc	SMC	Synthetic/remodeling SMC program; can overlap fibroblast and pericyte ECM states.	2026-05-26	Synthetic remodeling SMC	Synthetic/remodeling SMC program; can overlap fibroblast and pericyte ECM states.	continuous_gradient	false	false	reviewed	10	1	portal_flagged	within_tissue_cell_type	Synthetic remodeling SMC captures remodeling, extracellular matrix, or transition-like activity in SMC.	dat/sat/sat_cell_state_markers.gmt	dat/sat/sat_cell_state_markers.xlsx	process_gradient	sat_smc_synthetic_remodeling_smc	Synthetic remodeling SMC	sat	SAT
false	t_cell	T cell	Cytotoxic CD8 T cell panel.	2026-05-26	Cytotoxic CD8 T cell	Cytotoxic CD8 T cell panel.	needs_review	false	false	reviewed	10	1	portal_default	within_tissue_cell_type	Cytotoxic CD8 T cell is a curated marker panel for T cell in SAT. The biological interpretation needs review or more specific annotation.	dat/sat/sat_cell_state_markers.gmt	dat/sat/sat_cell_state_markers.xlsx	unknown	sat_t_cell_cytotoxic_cd8_t_cell	Cytotoxic CD8 T cell	sat	SAT
false	t_cell	T cell	Naive or central-memory T cell panel.	2026-05-26	Naive central memory T cell	Naive or central-memory T cell panel.	needs_review	false	false	reviewed	10	1	portal_default	within_tissue_cell_type	Naive central memory T cell is a curated marker panel for T cell in SAT. The biological interpretation needs review or more specific annotation.	dat/sat/sat_cell_state_markers.gmt	dat/sat/sat_cell_state_markers.xlsx	unknown	sat_t_cell_naive_central_memory_t_cell	Naive central memory T cell	sat	SAT
true	t_cell	T cell	Generic cell-cycle program within T cells.	2026-05-26	Proliferating T cell	Generic cell-cycle program within T cells.	continuous_or_hard_callable_if_separable	false	false	reviewed	10	2	portal_flagged	within_tissue_cell_type	Proliferation / cell cycle captures cycling cells using canonical S/G2M and mitotic markers.	dat/sat/sat_cell_state_markers.gmt	dat/sat/sat_cell_state_markers.xlsx	rare_process	sat_t_cell_proliferating_t_cell	Proliferating T cell	sat	SAT
false	t_cell	T cell	Regulatory T cell panel.	2026-05-26	Regulatory T cell	Regulatory T cell panel.	needs_review	false	false	reviewed	10	1	portal_default	within_tissue_cell_type	Regulatory T cell is a curated marker panel for T cell in SAT. The biological interpretation needs review or more specific annotation.	dat/sat/sat_cell_state_markers.gmt	dat/sat/sat_cell_state_markers.xlsx	unknown	sat_t_cell_regulatory_t_cell	Regulatory T cell	sat	SAT
false	t_cell	T cell	Th1-polarized activated CD4 T cell panel.	2026-05-26	Th1 activated CD4 T cell	Th1-polarized activated CD4 T cell panel.	needs_review	false	false	reviewed	10	1	portal_default	within_tissue_cell_type	Th1 activated CD4 T cell is a curated marker panel for T cell in SAT. The biological interpretation needs review or more specific annotation.	dat/sat/sat_cell_state_markers.gmt	dat/sat/sat_cell_state_markers.xlsx	unknown	sat_t_cell_th1_activated_cd4_t_cell	Th1 activated CD4 T cell	sat	SAT
false	t_cell	T cell	Tissue-resident memory and exhausted/dysfunctional T cell panel.	2026-05-26	Tissue resident exhausted T cell	Tissue-resident memory and exhausted/dysfunctional T cell panel.	continuous_gradient	false	false	reviewed	10	1	portal_default	within_tissue_cell_type	Tissue resident exhausted T cell represents a curated identity or subtype marker program within T cell.	dat/sat/sat_cell_state_markers.gmt	dat/sat/sat_cell_state_markers.xlsx	broad_identity_gradient	sat_t_cell_tissue_resident_exhausted_t_cell	Tissue resident exhausted T cell	sat	SAT
false	adipocyte	Adipocyte	Thermogenic/beige-like adipocyte panel; may be sparse in tendon-associated adipose.	2026-05-26	Beige thermogenic adipocyte	curated_tendon_cell_state_markers	needs_review	false	false	reviewed	10	1	portal_flagged	within_tissue_cell_type	Beige thermogenic adipocyte is a curated marker panel for Adipocyte in Tendon. The biological interpretation needs review or more specific annotation.	dat/tendon/tendon_cell_state_markers.gmt	dat/tendon/tendon_cell_state_markers.xlsx	unknown	tendon_adipocyte_beige_thermogenic_adipocyte	Beige thermogenic adipocyte	tendon	Tendon
false	adipocyte	Adipocyte	Inflammatory adipocyte/stromal adipose response; validate in tissue context.	2026-05-26	Inflammatory adipocyte	curated_tendon_cell_state_markers	continuous_gradient	false	false	reviewed	10	1	portal_flagged	within_tissue_cell_type	Inflammatory adipocyte represents inflammatory activation in Adipocyte.	dat/tendon/tendon_cell_state_markers.gmt	dat/tendon/tendon_cell_state_markers.xlsx	process_gradient	tendon_adipocyte_inflammatory_adipocyte	Inflammatory adipocyte	tendon	Tendon
false	adipocyte	Adipocyte	Mature adipocyte/lipid-storage identity panel.	2026-05-26	Mature lipid storage adipocyte	curated_tendon_cell_state_markers	continuous_gradient	false	false	reviewed	10	1	portal_default	within_tissue_cell_type	Mature lipid storage adipocyte captures a functional activity program in Adipocyte.	dat/tendon/tendon_cell_state_markers.gmt	dat/tendon/tendon_cell_state_markers.xlsx	broad_function_gradient	tendon_adipocyte_mature_lipid_storage_adipocyte	Mature lipid storage adipocyte	tendon	Tendon
false	b_cell	B cell	Activated antigen-presenting B cell program.	2026-05-26	Activated antigen presenting b cell	curated_tendon_cell_state_markers	continuous_gradient	false	false	reviewed	10	1	portal_flagged	within_tissue_cell_type	Interferon / MHC response captures inflammatory, antiviral, and antigen-presentation activity within the parent cell type.	dat/tendon/tendon_cell_state_markers.gmt	dat/tendon/tendon_cell_state_markers.xlsx	process_gradient	tendon_b_cell_activated_antigen_presenting_b_cell	Activated antigen presenting b cell	tendon	Tendon
false	b_cell	B cell	Mature/naive B cell identity panel.	2026-05-26	Mature b cell	curated_tendon_cell_state_markers	needs_review	false	false	reviewed	10	1	portal_default	within_tissue_cell_type	Mature b cell is a curated marker panel for B cell in Tendon. The biological interpretation needs review or more specific annotation.	dat/tendon/tendon_cell_state_markers.gmt	dat/tendon/tendon_cell_state_markers.xlsx	unknown	tendon_b_cell_mature_b_cell	Mature b cell	tendon	Tendon
false	b_cell	B cell	Plasma cell/plasmablast immunoglobulin secretion program.	2026-05-26	Plasma cell plasmablast	curated_tendon_cell_state_markers	needs_review	false	false	reviewed	10	1	portal_default	within_tissue_cell_type	Plasma cell plasmablast is a curated marker panel for B cell in Tendon. The biological interpretation needs review or more specific annotation.	dat/tendon/tendon_cell_state_markers.gmt	dat/tendon/tendon_cell_state_markers.xlsx	unknown	tendon_b_cell_plasma_cell_plasmablast	Plasma cell plasmablast	tendon	Tendon
false	blood_vessel_smooth_muscle_cell	Blood vessel smooth muscle cell	Contractile vascular smooth muscle cell identity panel.	2026-05-26	Contractile vascular smooth muscle cell	curated_tendon_cell_state_markers	continuous_gradient	false	false	reviewed	10	1	portal_default	within_tissue_cell_type	Contractile vascular smooth muscle cell captures a functional activity program in Blood vessel smooth muscle cell.	dat/tendon/tendon_cell_state_markers.gmt	dat/tendon/tendon_cell_state_markers.xlsx	broad_function_gradient	tendon_blood_vessel_smooth_muscle_cell_contractile_vascular_smooth_muscle_cell	Contractile vascular smooth muscle cell	tendon	Tendon
false	blood_vessel_smooth_muscle_cell	Blood vessel smooth muscle cell	Osteochondrogenic/calcification-associated smooth muscle phenotype.	2026-05-26	Osteochondrogenic smooth muscle cell	curated_tendon_cell_state_markers	needs_review	false	false	reviewed	10	1	portal_flagged	within_tissue_cell_type	Osteochondrogenic smooth muscle cell is a curated marker panel for Blood vessel smooth muscle cell in Tendon. The biological interpretation needs review or more specific annotation.	dat/tendon/tendon_cell_state_markers.gmt	dat/tendon/tendon_cell_state_markers.xlsx	unknown	tendon_blood_vessel_smooth_muscle_cell_osteochondrogenic_smooth_muscle_cell	Osteochondrogenic smooth muscle cell	tendon	Tendon
false	blood_vessel_smooth_muscle_cell	Blood vessel smooth muscle cell	Synthetic/remodeling vascular smooth muscle program.	2026-05-26	Synthetic remodeling smooth muscle cell	curated_tendon_cell_state_markers	continuous_gradient	false	false	reviewed	10	1	portal_flagged	within_tissue_cell_type	Synthetic remodeling smooth muscle cell captures remodeling, extracellular matrix, or transition-like activity in Blood vessel smooth muscle cell.	dat/tendon/tendon_cell_state_markers.gmt	dat/tendon/tendon_cell_state_markers.xlsx	process_gradient	tendon_blood_vessel_smooth_muscle_cell_synthetic_remodeling_smooth_muscle_cell	Synthetic remodeling smooth muscle cell	tendon	Tendon
false	capillary_endothelial_cell	Capillary endothelial cell	Capillary endothelial marker panel.	2026-05-26	Capillary endothelial identity	curated_tendon_cell_state_markers	continuous_gradient	false	false	reviewed	10	1	portal_default	within_tissue_cell_type	Capillary endothelial identity represents a curated identity or subtype marker program within Capillary endothelial cell.	dat/tendon/tendon_cell_state_markers.gmt	dat/tendon/tendon_cell_state_markers.xlsx	broad_identity_gradient	tendon_capillary_endothelial_cell_capillary_endothelial_identity	Capillary endothelial identity	tendon	Tendon
false	capillary_endothelial_cell	Capillary endothelial cell	Exchange/permeability-associated capillary phenotype.	2026-05-26	Permeable exchange capillary	curated_tendon_cell_state_markers	continuous_gradient	false	false	reviewed	10	1	portal_flagged	within_tissue_cell_type	Permeable exchange capillary represents a curated identity or subtype marker program within Capillary endothelial cell.	dat/tendon/tendon_cell_state_markers.gmt	dat/tendon/tendon_cell_state_markers.xlsx	broad_identity_gradient	tendon_capillary_endothelial_cell_permeable_exchange_capillary	Permeable exchange capillary	tendon	Tendon
false	dendritic_cell	Dendritic cell	Conventional dendritic cell 1 marker panel.	2026-05-26	Cdc1 identity	curated_tendon_cell_state_markers	continuous_gradient	false	false	reviewed	10	1	portal_default	within_tissue_cell_type	Cdc1 identity represents a curated identity or subtype marker program within Dendritic cell.	dat/tendon/tendon_cell_state_markers.gmt	dat/tendon/tendon_cell_state_markers.xlsx	broad_identity_gradient	tendon_dendritic_cell_cdc1_identity	Cdc1 identity	tendon	Tendon
false	dendritic_cell	Dendritic cell	Conventional dendritic cell 2 marker panel.	2026-05-26	Cdc2 identity	curated_tendon_cell_state_markers	continuous_gradient	false	false	reviewed	10	1	portal_default	within_tissue_cell_type	Cdc2 identity represents a curated identity or subtype marker program within Dendritic cell.	dat/tendon/tendon_cell_state_markers.gmt	dat/tendon/tendon_cell_state_markers.xlsx	broad_identity_gradient	tendon_dendritic_cell_cdc2_identity	Cdc2 identity	tendon	Tendon
false	dendritic_cell	Dendritic cell	Mature/migratory dendritic cell activation program.	2026-05-26	Mature migratory dendritic cell	curated_tendon_cell_state_markers	needs_review	false	false	reviewed	10	1	portal_flagged	within_tissue_cell_type	Mature migratory dendritic cell is a curated marker panel for Dendritic cell in Tendon. The biological interpretation needs review or more specific annotation.	dat/tendon/tendon_cell_state_markers.gmt	dat/tendon/tendon_cell_state_markers.xlsx	unknown	tendon_dendritic_cell_mature_migratory_dendritic_cell	Mature migratory dendritic cell	tendon	Tendon
false	endothelial_cell_of_arteriole	Endothelial cell of arteriole	Arterial/arteriolar endothelial marker panel.	2026-05-26	Arterial endothelial identity	curated_tendon_cell_state_markers	continuous_gradient	false	false	reviewed	10	1	portal_default	within_tissue_cell_type	Arterial endothelial identity represents a curated identity or subtype marker program within Endothelial cell of arteriole.	dat/tendon/tendon_cell_state_markers.gmt	dat/tendon/tendon_cell_state_markers.xlsx	broad_identity_gradient	tendon_endothelial_cell_of_arteriole_arterial_endothelial_identity	Arterial endothelial identity	tendon	Tendon
false	endothelial_cell_of_arteriole	Endothelial cell of arteriole	Arterial remodeling/shear-response enriched program.	2026-05-26	Arteriolar remodeling endothelium	curated_tendon_cell_state_markers	continuous_gradient	false	false	reviewed	10	1	portal_flagged	within_tissue_cell_type	Arteriolar remodeling endothelium captures remodeling, extracellular matrix, or transition-like activity in Endothelial cell of arteriole.	dat/tendon/tendon_cell_state_markers.gmt	dat/tendon/tendon_cell_state_markers.xlsx	process_gradient	tendon_endothelial_cell_of_arteriole_arteriolar_remodeling_endothelium	Arteriolar remodeling endothelium	tendon	Tendon
false	endothelial_cell_of_vascular_tree	Endothelial cell of vascular tree	Angiogenic or remodeling endothelial program.	2026-05-26	Angiogenic endothelium	curated_tendon_cell_state_markers	continuous_gradient	false	false	reviewed	10	1	portal_flagged	within_tissue_cell_type	Angiogenic endothelium captures angiogenic or vascular remodeling activity.	dat/tendon/tendon_cell_state_markers.gmt	dat/tendon/tendon_cell_state_markers.xlsx	process_gradient	tendon_endothelial_cell_of_vascular_tree_angiogenic_endothelium	Angiogenic endothelium	tendon	Tendon
false	endothelial_cell_of_vascular_tree	Endothelial cell of vascular tree	Activated/inflammatory tendon endothelium; disease and dissociation-sensitive.	2026-05-26	Inflammatory endothelium	curated_tendon_cell_state_markers	continuous_gradient	false	false	reviewed	10	1	portal_flagged	within_tissue_cell_type	Inflammatory endothelium represents inflammatory activation in Endothelial cell of vascular tree.	dat/tendon/tendon_cell_state_markers.gmt	dat/tendon/tendon_cell_state_markers.xlsx	process_gradient	tendon_endothelial_cell_of_vascular_tree_inflammatory_endothelium	Inflammatory endothelium	tendon	Tendon
false	endothelial_cell_of_vascular_tree	Endothelial cell of vascular tree	Pan-blood-endothelial identity panel.	2026-05-26	Vascular endothelial identity	curated_tendon_cell_state_markers	continuous_gradient	false	false	reviewed	10	1	portal_default	within_tissue_cell_type	Vascular endothelial identity represents a curated identity or subtype marker program within Endothelial cell of vascular tree.	dat/tendon/tendon_cell_state_markers.gmt	dat/tendon/tendon_cell_state_markers.xlsx	broad_identity_gradient	tendon_endothelial_cell_of_vascular_tree_vascular_endothelial_identity	Vascular endothelial identity	tendon	Tendon
false	endothelial_cell_of_venule	Endothelial cell of venule	Inflammatory venular endothelium and leukocyte recruitment program.	2026-05-26	Inflammatory venule endothelium	curated_tendon_cell_state_markers	continuous_gradient	false	false	reviewed	10	1	portal_flagged	within_tissue_cell_type	Inflammatory venule endothelium represents inflammatory activation in Endothelial cell of venule.	dat/tendon/tendon_cell_state_markers.gmt	dat/tendon/tendon_cell_state_markers.xlsx	process_gradient	tendon_endothelial_cell_of_venule_inflammatory_venule_endothelium	Inflammatory venule endothelium	tendon	Tendon
false	endothelial_cell_of_venule	Endothelial cell of venule	Venous/venular endothelial marker panel.	2026-05-26	Venous endothelial identity	curated_tendon_cell_state_markers	continuous_gradient	false	false	reviewed	10	1	portal_default	within_tissue_cell_type	Venous endothelial identity represents a curated identity or subtype marker program within Endothelial cell of venule.	dat/tendon/tendon_cell_state_markers.gmt	dat/tendon/tendon_cell_state_markers.xlsx	broad_identity_gradient	tendon_endothelial_cell_of_venule_venous_endothelial_identity	Venous endothelial identity	tendon	Tendon
false	fibroblast	Fibroblast	Matrix-producing tendon fibroblast program.	2026-05-26	Extracellular matrix tenocyte	curated_tendon_cell_state_markers	continuous_gradient	false	false	reviewed	10	1	portal_default	within_tissue_cell_type	Extracellular matrix tenocyte captures remodeling, extracellular matrix, or transition-like activity in Fibroblast.	dat/tendon/tendon_cell_state_markers.gmt	dat/tendon/tendon_cell_state_markers.xlsx	process_gradient	tendon_fibroblast_extracellular_matrix_tenocyte	Extracellular matrix tenocyte	tendon	Tendon
false	fibroblast	Fibroblast	APOD/FAP-like stromal-tenocyte program; may overlap peritenon/adipogenic stromal cells.	2026-05-26	Fibro adipogenic progenitor like tenocyte	curated_tendon_cell_state_markers	needs_review	false	false	reviewed	10	1	portal_flagged	within_tissue_cell_type	Fibro adipogenic progenitor like tenocyte is a curated marker panel for Fibroblast in Tendon. The biological interpretation needs review or more specific annotation.	dat/tendon/tendon_cell_state_markers.gmt	dat/tendon/tendon_cell_state_markers.xlsx	unknown	tendon_fibroblast_fibro_adipogenic_progenitor_like_tenocyte	Fibro adipogenic progenitor like tenocyte	tendon	Tendon
false	fibroblast	Fibroblast	Fibrocartilage/enthesis-associated chondrogenic tendon program.	2026-05-26	Fibrocartilage chondrogenic tenocyte	curated_tendon_cell_state_markers	needs_review	false	false	reviewed	10	1	portal_default	within_tissue_cell_type	Fibrocartilage chondrogenic tenocyte is a curated marker panel for Fibroblast in Tendon. The biological interpretation needs review or more specific annotation.	dat/tendon/tendon_cell_state_markers.gmt	dat/tendon/tendon_cell_state_markers.xlsx	unknown	tendon_fibroblast_fibrocartilage_chondrogenic_tenocyte	Fibrocartilage chondrogenic tenocyte	tendon	Tendon
false	fibroblast	Fibroblast	Inflammatory/alarmin tendon fibroblast response; interpret with disease and dissociation QC.	2026-05-26	Inflammatory tenocyte	curated_tendon_cell_state_markers	continuous_gradient	false	false	reviewed	10	1	portal_flagged	within_tissue_cell_type	Inflammatory tenocyte represents inflammatory activation in Fibroblast.	dat/tendon/tendon_cell_state_markers.gmt	dat/tendon/tendon_cell_state_markers.xlsx	process_gradient	tendon_fibroblast_inflammatory_tenocyte	Inflammatory tenocyte	tendon	Tendon
false	fibroblast	Fibroblast	Core tenogenic and tendon-matrix identity markers.	2026-05-26	Mature tenocyte identity	curated_tendon_cell_state_markers	continuous_gradient	false	false	reviewed	10	1	portal_default	within_tissue_cell_type	Mature tenocyte identity represents a curated identity or subtype marker program within Fibroblast.	dat/tendon/tendon_cell_state_markers.gmt	dat/tendon/tendon_cell_state_markers.xlsx	broad_identity_gradient	tendon_fibroblast_mature_tenocyte_identity	Mature tenocyte identity	tendon	Tendon
false	fibroblast	Fibroblast	KRT7/SCX-positive microfibril-associated tenocyte-like program.	2026-05-26	Microfibril associated tenocyte	curated_tendon_cell_state_markers	needs_review	false	false	reviewed	10	1	portal_default	within_tissue_cell_type	Microfibril associated tenocyte is a curated marker panel for Fibroblast in Tendon. The biological interpretation needs review or more specific annotation.	dat/tendon/tendon_cell_state_markers.gmt	dat/tendon/tendon_cell_state_markers.xlsx	unknown	tendon_fibroblast_microfibril_associated_tenocyte	Microfibril associated tenocyte	tendon	Tendon
false	fibroblast	Fibroblast	Repair/scar-like fibroblast program seen in diseased or injured tendon contexts.	2026-05-26	Reparative scar fibroblast	curated_tendon_cell_state_markers	needs_review	false	false	reviewed	10	1	portal_flagged	within_tissue_cell_type	Reparative scar fibroblast is a curated marker panel for Fibroblast in Tendon. The biological interpretation needs review or more specific annotation.	dat/tendon/tendon_cell_state_markers.gmt	dat/tendon/tendon_cell_state_markers.xlsx	unknown	tendon_fibroblast_reparative_scar_fibroblast	Reparative scar fibroblast	tendon	Tendon
false	fibroblast	Fibroblast	ITGA7-positive smooth-muscle/mesenchymal tendon stromal program; watch mural contamination.	2026-05-26	Smooth muscle mesenchymal tenocyte	curated_tendon_cell_state_markers	needs_review	false	false	reviewed	10	1	portal_flagged	within_tissue_cell_type	Smooth muscle mesenchymal tenocyte is a curated marker panel for Fibroblast in Tendon. The biological interpretation needs review or more specific annotation.	dat/tendon/tendon_cell_state_markers.gmt	dat/tendon/tendon_cell_state_markers.xlsx	unknown	tendon_fibroblast_smooth_muscle_mesenchymal_tenocyte	Smooth muscle mesenchymal tenocyte	tendon	Tendon
false	granulocyte	Granulocyte	Activated inflammatory neutrophil-like program.	2026-05-26	Activated inflammatory neutrophil	curated_tendon_cell_state_markers	continuous_gradient	false	false	reviewed	10	1	portal_flagged	within_tissue_cell_type	Activated inflammatory neutrophil represents inflammatory activation in Granulocyte.	dat/tendon/tendon_cell_state_markers.gmt	dat/tendon/tendon_cell_state_markers.xlsx	process_gradient	tendon_granulocyte_activated_inflammatory_neutrophil	Activated inflammatory neutrophil	tendon	Tendon
false	granulocyte	Granulocyte	Granule-rich antimicrobial neutrophil program.	2026-05-26	Antimicrobial granule neutrophil	curated_tendon_cell_state_markers	needs_review	false	false	reviewed	10	1	portal_default	within_tissue_cell_type	Antimicrobial granule neutrophil is a curated marker panel for Granulocyte in Tendon. The biological interpretation needs review or more specific annotation.	dat/tendon/tendon_cell_state_markers.gmt	dat/tendon/tendon_cell_state_markers.xlsx	unknown	tendon_granulocyte_antimicrobial_granule_neutrophil	Antimicrobial granule neutrophil	tendon	Tendon
false	granulocyte	Granulocyte	Neutrophil/granulocyte identity panel.	2026-05-26	Neutrophil identity	curated_tendon_cell_state_markers	continuous_gradient	false	false	reviewed	10	1	portal_default	within_tissue_cell_type	Neutrophil identity represents a curated identity or subtype marker program within Granulocyte.	dat/tendon/tendon_cell_state_markers.gmt	dat/tendon/tendon_cell_state_markers.xlsx	broad_identity_gradient	tendon_granulocyte_neutrophil_identity	Neutrophil identity	tendon	Tendon
false	lec	LEC	Valve/collecting lymphatic endothelial program.	2026-05-26	Collecting valve lymphatic endothelium	curated_tendon_cell_state_markers	needs_review	false	false	reviewed	10	1	portal_flagged	within_tissue_cell_type	Collecting valve lymphatic endothelium is a curated marker panel for LEC in Tendon. The biological interpretation needs review or more specific annotation.	dat/tendon/tendon_cell_state_markers.gmt	dat/tendon/tendon_cell_state_markers.xlsx	unknown	tendon_lec_collecting_valve_lymphatic_endothelium	Collecting valve lymphatic endothelium	tendon	Tendon
false	lec	LEC	Inflammatory or antigen-presenting-like lymphatic endothelial response.	2026-05-26	Inflammatory lymphatic endothelium	curated_tendon_cell_state_markers	continuous_gradient	false	false	reviewed	10	1	portal_flagged	within_tissue_cell_type	Inflammatory lymphatic endothelium represents inflammatory activation in LEC.	dat/tendon/tendon_cell_state_markers.gmt	dat/tendon/tendon_cell_state_markers.xlsx	process_gradient	tendon_lec_inflammatory_lymphatic_endothelium	Inflammatory lymphatic endothelium	tendon	Tendon
false	lec	LEC	Lymphatic endothelial identity panel.	2026-05-26	Lymphatic endothelial identity	curated_tendon_cell_state_markers	continuous_gradient	false	false	reviewed	10	1	portal_default	within_tissue_cell_type	Lymphatic endothelial identity represents a curated identity or subtype marker program within LEC.	dat/tendon/tendon_cell_state_markers.gmt	dat/tendon/tendon_cell_state_markers.xlsx	broad_identity_gradient	tendon_lec_lymphatic_endothelial_identity	Lymphatic endothelial identity	tendon	Tendon
false	leukocyte	Leukocyte	Pan-immune interferon-stimulated response; context and batch sensitive.	2026-05-26	Interferon response leukocyte	curated_tendon_cell_state_markers	continuous_gradient	false	false	reviewed	10	2	portal_flagged	within_tissue_cell_type	Interferon / MHC response captures inflammatory, antiviral, and antigen-presentation activity within the parent cell type.	dat/tendon/tendon_cell_state_markers.gmt	dat/tendon/tendon_cell_state_markers.xlsx	process_gradient	tendon_leukocyte_interferon_response_leukocyte	Interferon response leukocyte	tendon	Tendon
false	leukocyte	Leukocyte	Generic leukocyte identity panel for broad immune compartments.	2026-05-26	Leukocyte identity	curated_tendon_cell_state_markers	continuous_gradient	false	false	reviewed	10	1	portal_default	within_tissue_cell_type	Leukocyte identity represents a curated identity or subtype marker program within Leukocyte.	dat/tendon/tendon_cell_state_markers.gmt	dat/tendon/tendon_cell_state_markers.xlsx	broad_identity_gradient	tendon_leukocyte_leukocyte_identity	Leukocyte identity	tendon	Tendon
false	macrophage	Macrophage	Inflammatory macrophage activation program.	2026-05-26	Inflammatory macrophage	curated_tendon_cell_state_markers	continuous_gradient	false	false	reviewed	10	1	portal_flagged	within_tissue_cell_type	Inflammatory macrophage represents inflammatory activation in Macrophage.	dat/tendon/tendon_cell_state_markers.gmt	dat/tendon/tendon_cell_state_markers.xlsx	process_gradient	tendon_macrophage_inflammatory_macrophage	Inflammatory macrophage	tendon	Tendon
false	macrophage	Macrophage	Lipid-associated/SPP1-positive macrophage-like program; validate in tendon context.	2026-05-26	Lipid associated spp1 macrophage	curated_tendon_cell_state_markers	continuous_gradient	false	false	reviewed	10	1	portal_flagged	within_tissue_cell_type	Lipid associated spp1 macrophage captures lipid-handling or phagocytic activity often associated with tissue remodeling or disease.	dat/tendon/tendon_cell_state_markers.gmt	dat/tendon/tendon_cell_state_markers.xlsx	process_gradient	tendon_macrophage_lipid_associated_spp1_macrophage	Lipid associated spp1 macrophage	tendon	Tendon
false	macrophage	Macrophage	Tissue-resident macrophage-like identity program.	2026-05-26	Resident macrophage	curated_tendon_cell_state_markers	continuous_gradient	false	false	reviewed	10	1	portal_default	within_tissue_cell_type	Resident macrophage represents a curated identity or subtype marker program within Macrophage.	dat/tendon/tendon_cell_state_markers.gmt	dat/tendon/tendon_cell_state_markers.xlsx	broad_identity_gradient	tendon_macrophage_resident_macrophage	Resident macrophage	tendon	Tendon
false	mononuclear_phagocyte	Mononuclear phagocyte	Antigen-presentation-enriched mononuclear phagocyte program.	2026-05-26	Antigen presenting phagocyte	curated_tendon_cell_state_markers	continuous_gradient	false	false	reviewed	10	1	portal_default	within_tissue_cell_type	Interferon / MHC response captures inflammatory, antiviral, and antigen-presentation activity within the parent cell type.	dat/tendon/tendon_cell_state_markers.gmt	dat/tendon/tendon_cell_state_markers.xlsx	process_gradient	tendon_mononuclear_phagocyte_antigen_presenting_phagocyte	Antigen presenting phagocyte	tendon	Tendon
false	mononuclear_phagocyte	Mononuclear phagocyte	Classical monocyte/mononuclear phagocyte identity panel.	2026-05-26	Classical monocyte phagocyte	curated_tendon_cell_state_markers	needs_review	false	false	reviewed	10	1	portal_default	within_tissue_cell_type	Classical monocyte phagocyte is a curated marker panel for Mononuclear phagocyte in Tendon. The biological interpretation needs review or more specific annotation.	dat/tendon/tendon_cell_state_markers.gmt	dat/tendon/tendon_cell_state_markers.xlsx	unknown	tendon_mononuclear_phagocyte_classical_monocyte_phagocyte	Classical monocyte phagocyte	tendon	Tendon
false	mononuclear_phagocyte	Mononuclear phagocyte	Inflammatory monocyte/macrophage response program.	2026-05-26	Inflammatory phagocyte	curated_tendon_cell_state_markers	continuous_gradient	false	false	reviewed	10	1	portal_flagged	within_tissue_cell_type	Inflammatory phagocyte represents inflammatory activation in Mononuclear phagocyte.	dat/tendon/tendon_cell_state_markers.gmt	dat/tendon/tendon_cell_state_markers.xlsx	process_gradient	tendon_mononuclear_phagocyte_inflammatory_phagocyte	Inflammatory phagocyte	tendon	Tendon
false	neural_cell	Neural cell	Repair or nonmyelinating Schwann-like response program.	2026-05-26	Repair schwann cell	curated_tendon_cell_state_markers	needs_review	false	false	reviewed	10	1	portal_flagged	within_tissue_cell_type	Repair schwann cell is a curated marker panel for Neural cell in Tendon. The biological interpretation needs review or more specific annotation.	dat/tendon/tendon_cell_state_markers.gmt	dat/tendon/tendon_cell_state_markers.xlsx	unknown	tendon_neural_cell_repair_schwann_cell	Repair schwann cell	tendon	Tendon
false	neural_cell	Neural cell	Peripheral glial/Schwann cell identity panel.	2026-05-26	Schwann cell identity	curated_tendon_cell_state_markers	continuous_gradient	false	false	reviewed	10	1	portal_default	within_tissue_cell_type	Schwann cell identity represents a curated identity or subtype marker program within Neural cell.	dat/tendon/tendon_cell_state_markers.gmt	dat/tendon/tendon_cell_state_markers.xlsx	broad_identity_gradient	tendon_neural_cell_schwann_cell_identity	Schwann cell identity	tendon	Tendon
false	neural_cell	Neural cell	Sensory neuron-like panel; use mainly to flag nerve contamination or tendon innervation signal.	2026-05-26	Sensory neuron like	curated_tendon_cell_state_markers	needs_review	false	false	reviewed	10	1	qc_only	within_tissue_cell_type	Sensory neuron like is a curated marker panel for Neural cell in Tendon. The biological interpretation needs review or more specific annotation.	dat/tendon/tendon_cell_state_markers.gmt	dat/tendon/tendon_cell_state_markers.xlsx	unknown	tendon_neural_cell_sensory_neuron_like	Sensory neuron like	tendon	Tendon
false	nk_cell	NK cell	Terminal/adaptive NK-like program; validate in tissue context.	2026-05-26	Adaptive terminal nk cell	curated_tendon_cell_state_markers	needs_review	false	false	reviewed	10	1	portal_flagged	within_tissue_cell_type	Adaptive terminal nk cell is a curated marker panel for NK cell in Tendon. The biological interpretation needs review or more specific annotation.	dat/tendon/tendon_cell_state_markers.gmt	dat/tendon/tendon_cell_state_markers.xlsx	unknown	tendon_nk_cell_adaptive_terminal_nk_cell	Adaptive terminal nk cell	tendon	Tendon
false	nk_cell	NK cell	Cytotoxic NK cell identity panel.	2026-05-26	Cytotoxic nk cell	curated_tendon_cell_state_markers	needs_review	false	false	reviewed	10	1	portal_default	within_tissue_cell_type	Cytotoxic nk cell is a curated marker panel for NK cell in Tendon. The biological interpretation needs review or more specific annotation.	dat/tendon/tendon_cell_state_markers.gmt	dat/tendon/tendon_cell_state_markers.xlsx	unknown	tendon_nk_cell_cytotoxic_nk_cell	Cytotoxic nk cell	tendon	Tendon
false	nk_cell	NK cell	IFN-stimulated NK cell response program.	2026-05-26	Interferon response nk cell	curated_tendon_cell_state_markers	continuous_gradient	false	false	reviewed	10	2	portal_flagged	within_tissue_cell_type	Interferon / MHC response captures inflammatory, antiviral, and antigen-presentation activity within the parent cell type.	dat/tendon/tendon_cell_state_markers.gmt	dat/tendon/tendon_cell_state_markers.xlsx	process_gradient	tendon_nk_cell_interferon_response_nk_cell	Interferon response nk cell	tendon	Tendon
false	osteoblast	Osteoblast	Mineralizing osteoblast matrix program.	2026-05-26	Mineralizing osteoblast	curated_tendon_cell_state_markers	needs_review	false	false	reviewed	10	1	portal_flagged	within_tissue_cell_type	Mineralizing osteoblast is a curated marker panel for Osteoblast in Tendon. The biological interpretation needs review or more specific annotation.	dat/tendon/tendon_cell_state_markers.gmt	dat/tendon/tendon_cell_state_markers.xlsx	unknown	tendon_osteoblast_mineralizing_osteoblast	Mineralizing osteoblast	tendon	Tendon
false	osteoblast	Osteoblast	Osteoblast marker panel; likely enthesis/bone-associated or off-target compartment.	2026-05-26	Osteoblast identity	curated_tendon_cell_state_markers	continuous_gradient	false	false	reviewed	10	1	portal_flagged	within_tissue_cell_type	Osteoblast identity represents a curated identity or subtype marker program within Osteoblast.	dat/tendon/tendon_cell_state_markers.gmt	dat/tendon/tendon_cell_state_markers.xlsx	broad_identity_gradient	tendon_osteoblast_osteoblast_identity	Osteoblast identity	tendon	Tendon
false	osteoclast	Osteoclast	Osteoclast marker panel; likely enthesis/bone-associated or off-target compartment.	2026-05-26	Osteoclast identity	curated_tendon_cell_state_markers	continuous_gradient	false	false	reviewed	10	1	portal_flagged	within_tissue_cell_type	Osteoclast identity represents a curated identity or subtype marker program within Osteoclast.	dat/tendon/tendon_cell_state_markers.gmt	dat/tendon/tendon_cell_state_markers.xlsx	broad_identity_gradient	tendon_osteoclast_osteoclast_identity	Osteoclast identity	tendon	Tendon
false	osteoclast	Osteoclast	Resorptive/inflammatory osteoclast-like program.	2026-05-26	Resorptive inflammatory osteoclast	curated_tendon_cell_state_markers	continuous_gradient	false	false	reviewed	10	1	portal_flagged	within_tissue_cell_type	Resorptive inflammatory osteoclast represents inflammatory activation in Osteoclast.	dat/tendon/tendon_cell_state_markers.gmt	dat/tendon/tendon_cell_state_markers.xlsx	process_gradient	tendon_osteoclast_resorptive_inflammatory_osteoclast	Resorptive inflammatory osteoclast	tendon	Tendon
false	pericyte	Pericyte	Contractile mural/pericyte program.	2026-05-26	Contractile mural pericyte	curated_tendon_cell_state_markers	continuous_gradient	false	false	reviewed	10	1	portal_default	within_tissue_cell_type	Contractile mural pericyte captures a functional activity program in Pericyte.	dat/tendon/tendon_cell_state_markers.gmt	dat/tendon/tendon_cell_state_markers.xlsx	broad_function_gradient	tendon_pericyte_contractile_mural_pericyte	Contractile mural pericyte	tendon	Tendon
false	pericyte	Pericyte	Canonical pericyte/mural marker panel.	2026-05-26	Pericyte identity	curated_tendon_cell_state_markers	continuous_gradient	false	false	reviewed	10	1	portal_default	within_tissue_cell_type	Pericyte identity represents a curated identity or subtype marker program within Pericyte.	dat/tendon/tendon_cell_state_markers.gmt	dat/tendon/tendon_cell_state_markers.xlsx	broad_identity_gradient	tendon_pericyte_pericyte_identity	Pericyte identity	tendon	Tendon
false	pericyte	Pericyte	Matrix-remodeling pericyte activation program.	2026-05-26	Remodeling pericyte	curated_tendon_cell_state_markers	continuous_gradient	false	false	reviewed	10	1	portal_flagged	within_tissue_cell_type	Remodeling pericyte captures remodeling, extracellular matrix, or transition-like activity in Pericyte.	dat/tendon/tendon_cell_state_markers.gmt	dat/tendon/tendon_cell_state_markers.xlsx	process_gradient	tendon_pericyte_remodeling_pericyte	Remodeling pericyte	tendon	Tendon
false	plasmacytoid_dendritic_cell	Plasmacytoid dendritic cell	IFN-active pDC program; often disease and batch sensitive.	2026-05-26	Interferon active plasmacytoid dendritic cell	curated_tendon_cell_state_markers	continuous_gradient	false	false	reviewed	10	2	portal_flagged	within_tissue_cell_type	Interferon / MHC response captures inflammatory, antiviral, and antigen-presentation activity within the parent cell type.	dat/tendon/tendon_cell_state_markers.gmt	dat/tendon/tendon_cell_state_markers.xlsx	process_gradient	tendon_plasmacytoid_dendritic_cell_interferon_active_plasmacytoid_dendritic_cell	Interferon active plasmacytoid dendritic cell	tendon	Tendon
false	plasmacytoid_dendritic_cell	Plasmacytoid dendritic cell	Plasmacytoid dendritic cell identity panel.	2026-05-26	Plasmacytoid dendritic cell identity	curated_tendon_cell_state_markers	continuous_gradient	false	false	reviewed	10	1	portal_default	within_tissue_cell_type	Plasmacytoid dendritic cell identity represents a curated identity or subtype marker program within Plasmacytoid dendritic cell.	dat/tendon/tendon_cell_state_markers.gmt	dat/tendon/tendon_cell_state_markers.xlsx	broad_identity_gradient	tendon_plasmacytoid_dendritic_cell_plasmacytoid_dendritic_cell_identity	Plasmacytoid dendritic cell identity	tendon	Tendon
false	stromal_cell	Stromal cell	Fibrotic/myofibroblast activation program.	2026-05-26	Fibrotic myofibroblast stromal cell	curated_tendon_cell_state_markers	continuous_gradient	false	false	reviewed	10	1	portal_flagged	within_tissue_cell_type	Fibrotic myofibroblast stromal cell captures remodeling, extracellular matrix, or transition-like activity in Stromal cell.	dat/tendon/tendon_cell_state_markers.gmt	dat/tendon/tendon_cell_state_markers.xlsx	process_gradient	tendon_stromal_cell_fibrotic_myofibroblast_stromal_cell	Fibrotic myofibroblast stromal cell	tendon	Tendon
false	stromal_cell	Stromal cell	Osteochondrogenic enthesis-like stromal program; may indicate insertion region or bone/cartilage contamination.	2026-05-26	Osteochondrogenic enthesis stromal cell	curated_tendon_cell_state_markers	needs_review	false	false	reviewed	10	1	portal_flagged	within_tissue_cell_type	Osteochondrogenic enthesis stromal cell is a curated marker panel for Stromal cell in Tendon. The biological interpretation needs review or more specific annotation.	dat/tendon/tendon_cell_state_markers.gmt	dat/tendon/tendon_cell_state_markers.xlsx	unknown	tendon_stromal_cell_osteochondrogenic_enthesis_stromal_cell	Osteochondrogenic enthesis stromal cell	tendon	Tendon
false	stromal_cell	Stromal cell	Adventitial/peritenon-like stromal support program.	2026-05-26	Peritenon adventitial stromal cell	curated_tendon_cell_state_markers	needs_review	false	false	reviewed	10	1	portal_default	within_tissue_cell_type	Peritenon adventitial stromal cell is a curated marker panel for Stromal cell in Tendon. The biological interpretation needs review or more specific annotation.	dat/tendon/tendon_cell_state_markers.gmt	dat/tendon/tendon_cell_state_markers.xlsx	unknown	tendon_stromal_cell_peritenon_adventitial_stromal_cell	Peritenon adventitial stromal cell	tendon	Tendon
false	stromal_cell	Stromal cell	Conservative tendon stem/progenitor and mesenchymal marker panel.	2026-05-26	Tendon stem progenitor cell	curated_tendon_cell_state_markers	needs_review	false	false	reviewed	10	1	portal_default	within_tissue_cell_type	Tendon stem progenitor cell is a curated marker panel for Stromal cell in Tendon. The biological interpretation needs review or more specific annotation.	dat/tendon/tendon_cell_state_markers.gmt	dat/tendon/tendon_cell_state_markers.xlsx	unknown	tendon_stromal_cell_tendon_stem_progenitor_cell	Tendon stem progenitor cell	tendon	Tendon
false	t_cell	T cell	Activated/exhausted T cell program; validate against T cell abundance and disease context.	2026-05-26	Activated exhausted t cell	curated_tendon_cell_state_markers	needs_review	false	false	reviewed	10	1	portal_flagged	within_tissue_cell_type	Activated exhausted t cell is a curated marker panel for T cell in Tendon. The biological interpretation needs review or more specific annotation.	dat/tendon/tendon_cell_state_markers.gmt	dat/tendon/tendon_cell_state_markers.xlsx	unknown	tendon_t_cell_activated_exhausted_t_cell	Activated exhausted t cell	tendon	Tendon
false	t_cell	T cell	Cytotoxic T/NK-like effector program.	2026-05-26	Cytotoxic t cell	curated_tendon_cell_state_markers	needs_review	false	false	reviewed	10	1	portal_default	within_tissue_cell_type	Cytotoxic t cell is a curated marker panel for T cell in Tendon. The biological interpretation needs review or more specific annotation.	dat/tendon/tendon_cell_state_markers.gmt	dat/tendon/tendon_cell_state_markers.xlsx	unknown	tendon_t_cell_cytotoxic_t_cell	Cytotoxic t cell	tendon	Tendon
false	t_cell	T cell	Resting or memory T cell identity panel.	2026-05-26	Resting memory t cell	curated_tendon_cell_state_markers	needs_review	false	false	reviewed	10	1	portal_default	within_tissue_cell_type	Resting memory t cell is a curated marker panel for T cell in Tendon. The biological interpretation needs review or more specific annotation.	dat/tendon/tendon_cell_state_markers.gmt	dat/tendon/tendon_cell_state_markers.xlsx	unknown	tendon_t_cell_resting_memory_t_cell	Resting memory t cell	tendon	Tendon
false	adipocyte	Adipocyte	Dysfunctional/ECM-associated adipocyte panel; validate against ASPC and macrophage contamination.	2026-05-26	Ecm hypertrophic adipocyte	adipocyte|ecm_hypertrophic_adipocyte|portal_flagged	needs_review	false	false	reviewed	10	1	portal_flagged	within_tissue_cell_type	Ecm hypertrophic adipocyte is a curated marker panel for Adipocyte in VAT. The biological interpretation needs review or more specific annotation.	dat/vat/vat_cell_state_markers.gmt	dat/vat/vat_cell_state_markers.xlsx	unknown	vat_adipocyte_ecm_hypertrophic_adipocyte	Ecm hypertrophic adipocyte	vat	VAT
false	adipocyte	Adipocyte	Hypoxia/ER-stress response; can reflect obesity, ischemia, or tissue processing.	2026-05-26	Hypoxic er stress adipocyte	adipocyte|hypoxic_er_stress_adipocyte|portal_flagged	continuous_gradient	false	false	reviewed	10	2	portal_flagged	within_tissue_cell_type	UPR / ER stress reflects activation of unfolded-protein-response and ER proteostasis machinery in the parent cell type.	dat/vat/vat_cell_state_markers.gmt	dat/vat/vat_cell_state_markers.xlsx	process_gradient	vat_adipocyte_hypoxic_er_stress_adipocyte	Hypoxic er stress adipocyte	vat	VAT
false	adipocyte	Adipocyte	Inflammatory adipocyte/stress panel; distinguish from immune contamination.	2026-05-26	Inflammatory saa adipocyte	adipocyte|inflammatory_saa_adipocyte|portal_flagged	continuous_gradient	false	false	reviewed	10	1	portal_flagged	within_tissue_cell_type	Inflammatory saa adipocyte represents inflammatory activation in Adipocyte.	dat/vat/vat_cell_state_markers.gmt	dat/vat/vat_cell_state_markers.xlsx	process_gradient	vat_adipocyte_inflammatory_saa_adipocyte	Inflammatory saa adipocyte	vat	VAT
false	adipocyte	Adipocyte	Insulin-response and de novo lipogenesis panel.	2026-05-26	Insulin responsive lipogenic adipocyte	adipocyte|insulin_responsive_lipogenic_adipocyte|portal_default	needs_review	false	false	reviewed	10	1	portal_default	within_tissue_cell_type	Insulin responsive lipogenic adipocyte is a curated marker panel for Adipocyte in VAT. The biological interpretation needs review or more specific annotation.	dat/vat/vat_cell_state_markers.gmt	dat/vat/vat_cell_state_markers.xlsx	unknown	vat_adipocyte_insulin_responsive_lipogenic_adipocyte	Insulin responsive lipogenic adipocyte	vat	VAT
false	adipocyte	Adipocyte	Canonical mature white adipocyte/lipid storage identity.	2026-05-26	Mature lipid storage adipocyte	adipocyte|mature_lipid_storage_adipocyte|portal_default	continuous_gradient	false	false	reviewed	10	1	portal_default	within_tissue_cell_type	Mature lipid storage adipocyte captures a functional activity program in Adipocyte.	dat/vat/vat_cell_state_markers.gmt	dat/vat/vat_cell_state_markers.xlsx	broad_function_gradient	vat_adipocyte_mature_lipid_storage_adipocyte	Mature lipid storage adipocyte	vat	VAT
false	adipocyte	Adipocyte	Beige/thermogenic-like panel; human VAT UCP1 signal can be sparse and platform-sensitive.	2026-05-26	Thermogenic beige like adipocyte	adipocyte|thermogenic_beige_like_adipocyte|portal_flagged	needs_review	false	false	reviewed	10	1	portal_flagged	within_tissue_cell_type	Thermogenic beige like adipocyte is a curated marker panel for Adipocyte in VAT. The biological interpretation needs review or more specific annotation.	dat/vat/vat_cell_state_markers.gmt	dat/vat/vat_cell_state_markers.xlsx	unknown	vat_adipocyte_thermogenic_beige_like_adipocyte	Thermogenic beige like adipocyte	vat	VAT
false	aspc	ASPC	Adipogenic transition panel; overlaps mature adipocyte genes and should be validated by parent-cell purity.	2026-05-26	Adipogenic preadipocyte aspc	ASPC|adipogenic_preadipocyte_aspc|portal_flagged	needs_review	false	false	reviewed	10	1	portal_flagged	within_tissue_cell_type	Adipogenic preadipocyte aspc is a curated marker panel for ASPC in VAT. The biological interpretation needs review or more specific annotation.	dat/vat/vat_cell_state_markers.gmt	dat/vat/vat_cell_state_markers.xlsx	unknown	vat_aspc_adipogenic_preadipocyte_aspc	Adipogenic preadipocyte aspc	vat	VAT
false	aspc	ASPC	VAT APC heterogeneity axis; use as exploratory because CD55/ICAM1/F3/CD9 populations are context-dependent.	2026-05-26	Cd55 icam1 apc axis	ASPC|cd55_icam1_apc_axis|portal_flagged	needs_review	false	false	reviewed	10	1	portal_flagged	within_tissue_cell_type	Cd55 icam1 apc axis is a curated marker panel for ASPC in VAT. The biological interpretation needs review or more specific annotation.	dat/vat/vat_cell_state_markers.gmt	dat/vat/vat_cell_state_markers.xlsx	unknown	vat_aspc_cd55_icam1_apc_axis	Cd55 icam1 apc axis	vat	VAT
false	aspc	ASPC	Fibrotic extracellular-matrix remodeling ASPC/fibroblast-like program.	2026-05-26	Fibrotic ecm aspc	ASPC|fibrotic_ecm_aspc|portal_default	continuous_gradient	false	false	reviewed	10	1	portal_default	within_tissue_cell_type	Fibrotic ecm aspc captures remodeling, extracellular matrix, or transition-like activity in ASPC.	dat/vat/vat_cell_state_markers.gmt	dat/vat/vat_cell_state_markers.xlsx	process_gradient	vat_aspc_fibrotic_ecm_aspc	Fibrotic ecm aspc	vat	VAT
false	aspc	ASPC	Generic inflammatory stromal response; check dissociation and immune-cell doublets.	2026-05-26	Inflammatory aspc	ASPC|inflammatory_aspc|portal_flagged	continuous_gradient	false	false	reviewed	10	1	portal_flagged	within_tissue_cell_type	Inflammatory aspc represents inflammatory activation in ASPC.	dat/vat/vat_cell_state_markers.gmt	dat/vat/vat_cell_state_markers.xlsx	process_gradient	vat_aspc_inflammatory_aspc	Inflammatory aspc	vat	VAT
false	aspc	ASPC	General adipose stromal/progenitor panel; high scores should remain separated from endothelial and mural cells.	2026-05-26	Multipotent adventitial aspc	ASPC|multipotent_adventitial_aspc|portal_default	needs_review	false	false	reviewed	10	1	portal_default	within_tissue_cell_type	Multipotent adventitial aspc is a curated marker panel for ASPC in VAT. The biological interpretation needs review or more specific annotation.	dat/vat/vat_cell_state_markers.gmt	dat/vat/vat_cell_state_markers.xlsx	unknown	vat_aspc_multipotent_adventitial_aspc	Multipotent adventitial aspc	vat	VAT
false	b_cell	B cell	Activated/germinal-center-like B-cell panel; may be rare in VAT.	2026-05-26	Activated germinal center like b cell	B cell|activated_germinal_center_like_b_cell|portal_flagged	needs_review	false	false	reviewed	10	1	portal_flagged	within_tissue_cell_type	Activated germinal center like b cell is a curated marker panel for B cell in VAT. The biological interpretation needs review or more specific annotation.	dat/vat/vat_cell_state_markers.gmt	dat/vat/vat_cell_state_markers.xlsx	unknown	vat_b_cell_activated_germinal_center_like_b_cell	Activated germinal center like b cell	vat	VAT
false	b_cell	B cell	Generic interferon-response B-cell program.	2026-05-26	Interferon response b cell	B cell|interferon_response_b_cell|portal_flagged	continuous_gradient	false	false	reviewed	10	2	portal_flagged	within_tissue_cell_type	Interferon / MHC response captures inflammatory, antiviral, and antigen-presentation activity within the parent cell type.	dat/vat/vat_cell_state_markers.gmt	dat/vat/vat_cell_state_markers.xlsx	process_gradient	vat_b_cell_interferon_response_b_cell	Interferon response b cell	vat	VAT
false	b_cell	B cell	Memory/class-switched B-cell panel.	2026-05-26	Memory b cell	B cell|memory_b_cell|portal_default	needs_review	false	false	reviewed	10	1	portal_default	within_tissue_cell_type	Memory b cell is a curated marker panel for B cell in VAT. The biological interpretation needs review or more specific annotation.	dat/vat/vat_cell_state_markers.gmt	dat/vat/vat_cell_state_markers.xlsx	unknown	vat_b_cell_memory_b_cell	Memory b cell	vat	VAT
false	b_cell	B cell	Naive B-cell identity.	2026-05-26	Naive b cell	B cell|naive_b_cell|portal_default	needs_review	false	false	reviewed	10	1	portal_default	within_tissue_cell_type	Naive b cell is a curated marker panel for B cell in VAT. The biological interpretation needs review or more specific annotation.	dat/vat/vat_cell_state_markers.gmt	dat/vat/vat_cell_state_markers.xlsx	unknown	vat_b_cell_naive_b_cell	Naive b cell	vat	VAT
false	b_cell	B cell	Plasma cell/plasmablast identity.	2026-05-26	Plasma cell	B cell|plasma_cell|portal_default	needs_review	false	false	reviewed	10	1	portal_default	within_tissue_cell_type	Plasma cell is a curated marker panel for B cell in VAT. The biological interpretation needs review or more specific annotation.	dat/vat/vat_cell_state_markers.gmt	dat/vat/vat_cell_state_markers.xlsx	unknown	vat_b_cell_plasma_cell	Plasma cell	vat	VAT
false	dendritic_cell	Dendritic cell	Conventional DC1 panel; may be rare in VAT.	2026-05-26	Cdc1	dendritic cell|cdc1|portal_default	needs_review	false	false	reviewed	10	1	portal_default	within_tissue_cell_type	Cdc1 is a curated marker panel for Dendritic cell in VAT. The biological interpretation needs review or more specific annotation.	dat/vat/vat_cell_state_markers.gmt	dat/vat/vat_cell_state_markers.xlsx	unknown	vat_dendritic_cell_cdc1	Cdc1	vat	VAT
false	dendritic_cell	Dendritic cell	Conventional DC2 panel.	2026-05-26	Cdc2	dendritic cell|cdc2|portal_default	needs_review	false	false	reviewed	10	1	portal_default	within_tissue_cell_type	Cdc2 is a curated marker panel for Dendritic cell in VAT. The biological interpretation needs review or more specific annotation.	dat/vat/vat_cell_state_markers.gmt	dat/vat/vat_cell_state_markers.xlsx	unknown	vat_dendritic_cell_cdc2	Cdc2	vat	VAT
false	dendritic_cell	Dendritic cell	Inflammatory DC3/monocyte-DC-like panel; overlaps monocytes.	2026-05-26	Inflammatory dc3 like	dendritic cell|inflammatory_dc3_like|portal_flagged	continuous_gradient	false	false	reviewed	10	1	portal_flagged	within_tissue_cell_type	Inflammatory dc3 like represents inflammatory activation in Dendritic cell.	dat/vat/vat_cell_state_markers.gmt	dat/vat/vat_cell_state_markers.xlsx	process_gradient	vat_dendritic_cell_inflammatory_dc3_like	Inflammatory dc3 like	vat	VAT
false	dendritic_cell	Dendritic cell	Mature/migratory DC activation; may reflect antigen presentation or inflammation.	2026-05-26	Mature migratory dc	dendritic cell|mature_migratory_dc|portal_flagged	needs_review	false	false	reviewed	10	1	portal_flagged	within_tissue_cell_type	Mature migratory dc is a curated marker panel for Dendritic cell in VAT. The biological interpretation needs review or more specific annotation.	dat/vat/vat_cell_state_markers.gmt	dat/vat/vat_cell_state_markers.xlsx	unknown	vat_dendritic_cell_mature_migratory_dc	Mature migratory dc	vat	VAT
false	dendritic_cell	Dendritic cell	Plasmacytoid DC panel.	2026-05-26	Pdc	dendritic cell|pdc|portal_default	needs_review	false	false	reviewed	10	1	portal_default	within_tissue_cell_type	Pdc is a curated marker panel for Dendritic cell in VAT. The biological interpretation needs review or more specific annotation.	dat/vat/vat_cell_state_markers.gmt	dat/vat/vat_cell_state_markers.xlsx	unknown	vat_dendritic_cell_pdc	Pdc	vat	VAT
false	endometrium	Endometrium	Ciliated endometrial epithelial panel; useful as off-target/cilia QC.	2026-05-26	Ciliated endometrial epithelium	endometrium|ciliated_endometrial_epithelium|qc_only	needs_review	false	false	reviewed	10	1	qc_only	within_tissue_cell_type	Ciliated endometrial epithelium is a curated marker panel for Endometrium in VAT. The biological interpretation needs review or more specific annotation.	dat/vat/vat_cell_state_markers.gmt	dat/vat/vat_cell_state_markers.xlsx	unknown	vat_endometrium_ciliated_endometrial_epithelium	Ciliated endometrial epithelium	vat	VAT
false	endometrium	Endometrium	Decidualized stromal/endometrial state; QC-only in VAT.	2026-05-26	Decidualized stromal	endometrium|decidualized_stromal|qc_only	needs_review	false	false	reviewed	10	1	qc_only	within_tissue_cell_type	Decidualized stromal is a curated marker panel for Endometrium in VAT. The biological interpretation needs review or more specific annotation.	dat/vat/vat_cell_state_markers.gmt	dat/vat/vat_cell_state_markers.xlsx	unknown	vat_endometrium_decidualized_stromal	Decidualized stromal	vat	VAT
false	endometrium	Endometrium	Off-target endometrial epithelial panel; keep for QC because endometrium is not a primary VAT cell type.	2026-05-26	Endometrial epithelial identity	endometrium|endometrial_epithelial_identity|qc_only	continuous_gradient	false	false	reviewed	10	1	qc_only	within_tissue_cell_type	Endometrial epithelial identity represents a curated identity or subtype marker program within Endometrium.	dat/vat/vat_cell_state_markers.gmt	dat/vat/vat_cell_state_markers.xlsx	broad_identity_gradient	vat_endometrium_endometrial_epithelial_identity	Endometrial epithelial identity	vat	VAT
false	endometrium	Endometrium	Off-target endometrial stromal panel; overlaps fibroblast/ASPC genes.	2026-05-26	Endometrial stromal identity	endometrium|endometrial_stromal_identity|qc_only	continuous_gradient	false	false	reviewed	10	1	qc_only	within_tissue_cell_type	Endometrial stromal identity represents a curated identity or subtype marker program within Endometrium.	dat/vat/vat_cell_state_markers.gmt	dat/vat/vat_cell_state_markers.xlsx	broad_identity_gradient	vat_endometrium_endometrial_stromal_identity	Endometrial stromal identity	vat	VAT
false	endothelial	Endothelial	Adipose microvascular/lipid-transport endothelial panel; validate against adipocyte ambient RNA.	2026-05-26	Adipose lipid transport endothelial	endothelial|adipose_lipid_transport_endothelial|portal_flagged	needs_review	false	false	reviewed	10	1	portal_flagged	within_tissue_cell_type	Adipose lipid transport endothelial is a curated marker panel for Endothelial in VAT. The biological interpretation needs review or more specific annotation.	dat/vat/vat_cell_state_markers.gmt	dat/vat/vat_cell_state_markers.xlsx	unknown	vat_endothelial_adipose_lipid_transport_endothelial	Adipose lipid transport endothelial	vat	VAT
false	endothelial	Endothelial	Angiogenic/remodeling endothelial response.	2026-05-26	Angiogenic endothelial	endothelial|angiogenic_endothelial|portal_flagged	continuous_gradient	false	false	reviewed	10	1	portal_flagged	within_tissue_cell_type	Angiogenic endothelial captures angiogenic or vascular remodeling activity.	dat/vat/vat_cell_state_markers.gmt	dat/vat/vat_cell_state_markers.xlsx	process_gradient	vat_endothelial_angiogenic_endothelial	Angiogenic endothelial	vat	VAT
false	endothelial	Endothelial	Arterial endothelial program.	2026-05-26	Arterial endothelial	endothelial|arterial_endothelial|portal_default	continuous_gradient	false	false	reviewed	10	1	portal_default	within_tissue_cell_type	Arterial endothelial represents a curated identity or subtype marker program within Endothelial.	dat/vat/vat_cell_state_markers.gmt	dat/vat/vat_cell_state_markers.xlsx	broad_identity_gradient	vat_endothelial_arterial_endothelial	Arterial endothelial	vat	VAT
false	endothelial	Endothelial	Adipose capillary/microvascular endothelial identity.	2026-05-26	Capillary endothelial	endothelial|capillary_endothelial|portal_default	continuous_gradient	false	false	reviewed	10	1	portal_default	within_tissue_cell_type	Capillary endothelial represents a curated identity or subtype marker program within Endothelial.	dat/vat/vat_cell_state_markers.gmt	dat/vat/vat_cell_state_markers.xlsx	broad_identity_gradient	vat_endothelial_capillary_endothelial	Capillary endothelial	vat	VAT
false	endothelial	Endothelial	Inflammatory endothelial activation; check sample inflammation and processing.	2026-05-26	Inflammatory endothelial	endothelial|inflammatory_endothelial|portal_flagged	continuous_gradient	false	false	reviewed	10	1	portal_flagged	within_tissue_cell_type	Inflammatory endothelial represents inflammatory activation in Endothelial.	dat/vat/vat_cell_state_markers.gmt	dat/vat/vat_cell_state_markers.xlsx	process_gradient	vat_endothelial_inflammatory_endothelial	Inflammatory endothelial	vat	VAT
false	endothelial	Endothelial	Venous/post-capillary endothelial program.	2026-05-26	Venous endothelial	endothelial|venous_endothelial|portal_default	continuous_gradient	false	false	reviewed	10	1	portal_default	within_tissue_cell_type	Venous endothelial represents a curated identity or subtype marker program within Endothelial.	dat/vat/vat_cell_state_markers.gmt	dat/vat/vat_cell_state_markers.xlsx	broad_identity_gradient	vat_endothelial_venous_endothelial	Venous endothelial	vat	VAT
false	lec	LEC	Collecting/valve lymphatic program; may be sparse in scRNA maps.	2026-05-26	Collecting valve lec	LEC|collecting_valve_lec|portal_flagged	needs_review	false	false	reviewed	10	1	portal_flagged	within_tissue_cell_type	Collecting valve lec is a curated marker panel for LEC in VAT. The biological interpretation needs review or more specific annotation.	dat/vat/vat_cell_state_markers.gmt	dat/vat/vat_cell_state_markers.xlsx	unknown	vat_lec_collecting_valve_lec	Collecting valve lec	vat	VAT
false	lec	LEC	Inflammatory lymphatic endothelial activation.	2026-05-26	Inflammatory lec	LEC|inflammatory_lec|portal_flagged	continuous_gradient	false	false	reviewed	10	1	portal_flagged	within_tissue_cell_type	Inflammatory lec represents inflammatory activation in LEC.	dat/vat/vat_cell_state_markers.gmt	dat/vat/vat_cell_state_markers.xlsx	process_gradient	vat_lec_inflammatory_lec	Inflammatory lec	vat	VAT
false	lec	LEC	Initial/capillary lymphatic endothelial program.	2026-05-26	Initial capillary lec	LEC|initial_capillary_lec|portal_default	continuous_gradient	false	false	reviewed	10	1	portal_default	within_tissue_cell_type	Initial capillary lec represents a curated identity or subtype marker program within LEC.	dat/vat/vat_cell_state_markers.gmt	dat/vat/vat_cell_state_markers.xlsx	broad_identity_gradient	vat_lec_initial_capillary_lec	Initial capillary lec	vat	VAT
false	lec	LEC	Canonical lymphatic endothelial identity.	2026-05-26	Lymphatic endothelial identity	LEC|lymphatic_endothelial_identity|portal_default	continuous_gradient	false	false	reviewed	10	1	portal_default	within_tissue_cell_type	Lymphatic endothelial identity represents a curated identity or subtype marker program within LEC.	dat/vat/vat_cell_state_markers.gmt	dat/vat/vat_cell_state_markers.xlsx	broad_identity_gradient	vat_lec_lymphatic_endothelial_identity	Lymphatic endothelial identity	vat	VAT
false	macrophage	Macrophage	MHC-II antigen-presentation macrophage program.	2026-05-26	Antigen presenting macrophage	macrophage|antigen_presenting_macrophage|portal_default	continuous_gradient	false	false	reviewed	10	1	portal_default	within_tissue_cell_type	Interferon / MHC response captures inflammatory, antiviral, and antigen-presentation activity within the parent cell type.	dat/vat/vat_cell_state_markers.gmt	dat/vat/vat_cell_state_markers.xlsx	process_gradient	vat_macrophage_antigen_presenting_macrophage	Antigen presenting macrophage	vat	VAT
false	macrophage	Macrophage	Inflammatory adipose macrophage/monocyte-like program.	2026-05-26	Inflammatory macrophage	macrophage|inflammatory_macrophage|portal_default	continuous_gradient	false	false	reviewed	10	1	portal_default	within_tissue_cell_type	Inflammatory macrophage represents inflammatory activation in Macrophage.	dat/vat/vat_cell_state_markers.gmt	dat/vat/vat_cell_state_markers.xlsx	process_gradient	vat_macrophage_inflammatory_macrophage	Inflammatory macrophage	vat	VAT
false	macrophage	Macrophage	Generic interferon-response program.	2026-05-26	Interferon response macrophage	macrophage|interferon_response_macrophage|portal_flagged	continuous_gradient	false	false	reviewed	10	2	portal_flagged	within_tissue_cell_type	Interferon / MHC response captures inflammatory, antiviral, and antigen-presentation activity within the parent cell type.	dat/vat/vat_cell_state_markers.gmt	dat/vat/vat_cell_state_markers.xlsx	process_gradient	vat_macrophage_interferon_response_macrophage	Interferon response macrophage	vat	VAT
false	macrophage	Macrophage	TREM2+ lipid-associated macrophage program.	2026-05-26	Lipid associated macrophage	macrophage|lipid_associated_macrophage|portal_default	continuous_gradient	false	false	reviewed	10	1	portal_default	within_tissue_cell_type	Lipid associated macrophage captures lipid-handling or phagocytic activity often associated with tissue remodeling or disease.	dat/vat/vat_cell_state_markers.gmt	dat/vat/vat_cell_state_markers.xlsx	process_gradient	vat_macrophage_lipid_associated_macrophage	Lipid associated macrophage	vat	VAT
true	macrophage	Macrophage	Generic cell-cycle panel; validate against cluster size and doublets.	2026-05-26	Proliferating macrophage	macrophage|proliferating_macrophage|portal_flagged	continuous_or_hard_callable_if_separable	false	false	reviewed	10	2	portal_flagged	within_tissue_cell_type	Proliferation / cell cycle captures cycling cells using canonical S/G2M and mitotic markers.	dat/vat/vat_cell_state_markers.gmt	dat/vat/vat_cell_state_markers.xlsx	rare_process	vat_macrophage_proliferating_macrophage	Proliferating macrophage	vat	VAT
false	macrophage	Macrophage	Resident/homeostatic adipose macrophage panel; avoid overinterpreting as classical M2 polarization.	2026-05-26	Resident m2 like macrophage	macrophage|resident_m2_like_macrophage|portal_default	continuous_gradient	false	false	reviewed	10	1	portal_default	within_tissue_cell_type	Resident m2 like macrophage represents a curated identity or subtype marker program within Macrophage.	dat/vat/vat_cell_state_markers.gmt	dat/vat/vat_cell_state_markers.xlsx	broad_identity_gradient	vat_macrophage_resident_m2_like_macrophage	Resident m2 like macrophage	vat	VAT
false	mast_cell	Mast cell	Activated inflammatory mast-cell response; also reflects immediate-early genes.	2026-05-26	Activated inflammatory mast cell	mast cell|activated_inflammatory_mast_cell|portal_flagged	continuous_gradient	false	false	reviewed	10	1	portal_flagged	within_tissue_cell_type	Activated inflammatory mast cell represents inflammatory activation in Mast cell.	dat/vat/vat_cell_state_markers.gmt	dat/vat/vat_cell_state_markers.xlsx	process_gradient	vat_mast_cell_activated_inflammatory_mast_cell	Activated inflammatory mast cell	vat	VAT
false	mast_cell	Mast cell	Connective-tissue/protease-rich mast-cell panel.	2026-05-26	Connective tissue protease rich mast cell	mast cell|connective_tissue_protease_rich_mast_cell|portal_default	needs_review	false	false	reviewed	10	1	portal_default	within_tissue_cell_type	Connective tissue protease rich mast cell is a curated marker panel for Mast cell in VAT. The biological interpretation needs review or more specific annotation.	dat/vat/vat_cell_state_markers.gmt	dat/vat/vat_cell_state_markers.xlsx	unknown	vat_mast_cell_connective_tissue_protease_rich_mast_cell	Connective tissue protease rich mast cell	vat	VAT
false	mast_cell	Mast cell	Canonical mast-cell identity.	2026-05-26	Mast cell identity	mast cell|mast_cell_identity|portal_default	continuous_gradient	false	false	reviewed	10	1	portal_default	within_tissue_cell_type	Mast cell identity represents a curated identity or subtype marker program within Mast cell.	dat/vat/vat_cell_state_markers.gmt	dat/vat/vat_cell_state_markers.xlsx	broad_identity_gradient	vat_mast_cell_mast_cell_identity	Mast cell identity	vat	VAT
false	mesothelium	Mesothelium	Adipose-associated serosal mesothelial panel; overlaps general mesothelial identity.	2026-05-26	Adipose serosal mesothelium	mesothelium|adipose_serosal_mesothelium|portal_flagged	needs_review	false	false	reviewed	10	1	portal_flagged	within_tissue_cell_type	Adipose serosal mesothelium is a curated marker panel for Mesothelium in VAT. The biological interpretation needs review or more specific annotation.	dat/vat/vat_cell_state_markers.gmt	dat/vat/vat_cell_state_markers.xlsx	unknown	vat_mesothelium_adipose_serosal_mesothelium	Adipose serosal mesothelium	vat	VAT
false	mesothelium	Mesothelium	Inflammatory/complement response in mesothelial cells; check inflammation and processing context.	2026-05-26	Inflammatory complement mesothelium	mesothelium|inflammatory_complement_mesothelium|portal_flagged	continuous_gradient	false	false	reviewed	10	1	portal_flagged	within_tissue_cell_type	Inflammatory complement mesothelium represents inflammatory activation in Mesothelium.	dat/vat/vat_cell_state_markers.gmt	dat/vat/vat_cell_state_markers.xlsx	process_gradient	vat_mesothelium_inflammatory_complement_mesothelium	Inflammatory complement mesothelium	vat	VAT
false	mesothelium	Mesothelium	Mesothelial mesenchymal transition-like panel; overlaps fibroblast/SMC programs.	2026-05-26	Mesenchymal transition mesothelium	mesothelium|mesenchymal_transition_mesothelium|portal_flagged	needs_review	false	false	reviewed	10	1	portal_flagged	within_tissue_cell_type	Mesenchymal transition mesothelium is a curated marker panel for Mesothelium in VAT. The biological interpretation needs review or more specific annotation.	dat/vat/vat_cell_state_markers.gmt	dat/vat/vat_cell_state_markers.xlsx	unknown	vat_mesothelium_mesenchymal_transition_mesothelium	Mesenchymal transition mesothelium	vat	VAT
false	mesothelium	Mesothelium	Serosal mesothelial identity; expected in visceral adipose depots.	2026-05-26	Mesothelial identity	mesothelium|mesothelial_identity|portal_default	continuous_gradient	false	false	reviewed	10	1	portal_default	within_tissue_cell_type	Mesothelial identity represents a curated identity or subtype marker program within Mesothelium.	dat/vat/vat_cell_state_markers.gmt	dat/vat/vat_cell_state_markers.xlsx	broad_identity_gradient	vat_mesothelium_mesothelial_identity	Mesothelial identity	vat	VAT
false	monocyte	Monocyte	Classical monocyte/inflammatory monocyte program.	2026-05-26	Classical inflammatory monocyte	monocyte|classical_inflammatory_monocyte|portal_default	continuous_gradient	false	false	reviewed	10	1	portal_default	within_tissue_cell_type	Classical inflammatory monocyte represents inflammatory activation in Monocyte.	dat/vat/vat_cell_state_markers.gmt	dat/vat/vat_cell_state_markers.xlsx	process_gradient	vat_monocyte_classical_inflammatory_monocyte	Classical inflammatory monocyte	vat	VAT
false	monocyte	Monocyte	Generic interferon-response monocyte program.	2026-05-26	Interferon response monocyte	monocyte|interferon_response_monocyte|portal_flagged	continuous_gradient	false	false	reviewed	10	2	portal_flagged	within_tissue_cell_type	Interferon / MHC response captures inflammatory, antiviral, and antigen-presentation activity within the parent cell type.	dat/vat/vat_cell_state_markers.gmt	dat/vat/vat_cell_state_markers.xlsx	process_gradient	vat_monocyte_interferon_response_monocyte	Interferon response monocyte	vat	VAT
false	monocyte	Monocyte	Monocyte-to-macrophage transition; overlaps macrophage and LAM states.	2026-05-26	Monocyte to macrophage transition	monocyte|monocyte_to_macrophage_transition|portal_flagged	needs_review	false	false	reviewed	10	1	portal_flagged	within_tissue_cell_type	Monocyte to macrophage transition is a curated marker panel for Monocyte in VAT. The biological interpretation needs review or more specific annotation.	dat/vat/vat_cell_state_markers.gmt	dat/vat/vat_cell_state_markers.xlsx	unknown	vat_monocyte_monocyte_to_macrophage_transition	Monocyte to macrophage transition	vat	VAT
false	monocyte	Monocyte	Non-classical/patrolling monocyte program.	2026-05-26	Nonclassical patrolling monocyte	monocyte|nonclassical_patrolling_monocyte|portal_default	needs_review	false	false	reviewed	10	1	portal_default	within_tissue_cell_type	Nonclassical patrolling monocyte is a curated marker panel for Monocyte in VAT. The biological interpretation needs review or more specific annotation.	dat/vat/vat_cell_state_markers.gmt	dat/vat/vat_cell_state_markers.xlsx	unknown	vat_monocyte_nonclassical_patrolling_monocyte	Nonclassical patrolling monocyte	vat	VAT
false	neutrophil	Neutrophil	Activated inflammatory neutrophil response.	2026-05-26	Activated inflammatory neutrophil	neutrophil|activated_inflammatory_neutrophil|portal_flagged	continuous_gradient	false	false	reviewed	10	1	portal_flagged	within_tissue_cell_type	Activated inflammatory neutrophil represents inflammatory activation in Neutrophil.	dat/vat/vat_cell_state_markers.gmt	dat/vat/vat_cell_state_markers.xlsx	process_gradient	vat_neutrophil_activated_inflammatory_neutrophil	Activated inflammatory neutrophil	vat	VAT
false	neutrophil	Neutrophil	Immature/granulocytic neutrophil panel; may reflect blood contamination or low-frequency cells.	2026-05-26	Immature granulocytic neutrophil	neutrophil|immature_granulocytic_neutrophil|portal_flagged	needs_review	false	false	reviewed	10	1	portal_flagged	within_tissue_cell_type	Immature granulocytic neutrophil is a curated marker panel for Neutrophil in VAT. The biological interpretation needs review or more specific annotation.	dat/vat/vat_cell_state_markers.gmt	dat/vat/vat_cell_state_markers.xlsx	unknown	vat_neutrophil_immature_granulocytic_neutrophil	Immature granulocytic neutrophil	vat	VAT
false	neutrophil	Neutrophil	Generic interferon-response neutrophil program.	2026-05-26	Interferon response neutrophil	neutrophil|interferon_response_neutrophil|portal_flagged	continuous_gradient	false	false	reviewed	10	2	portal_flagged	within_tissue_cell_type	Interferon / MHC response captures inflammatory, antiviral, and antigen-presentation activity within the parent cell type.	dat/vat/vat_cell_state_markers.gmt	dat/vat/vat_cell_state_markers.xlsx	process_gradient	vat_neutrophil_interferon_response_neutrophil	Interferon response neutrophil	vat	VAT
false	neutrophil	Neutrophil	Mature neutrophil panel.	2026-05-26	Mature neutrophil	neutrophil|mature_neutrophil|portal_default	needs_review	false	false	reviewed	10	1	portal_default	within_tissue_cell_type	Mature neutrophil is a curated marker panel for Neutrophil in VAT. The biological interpretation needs review or more specific annotation.	dat/vat/vat_cell_state_markers.gmt	dat/vat/vat_cell_state_markers.xlsx	unknown	vat_neutrophil_mature_neutrophil	Mature neutrophil	vat	VAT
false	nk_cell	NK cell	CD56bright/regulatory-like NK panel; may overlap innate-like T cells.	2026-05-26	Cd56bright regulatory nk cell	NK cell|cd56bright_regulatory_nk_cell|portal_flagged	needs_review	false	false	reviewed	10	1	portal_flagged	within_tissue_cell_type	Cd56bright regulatory nk cell is a curated marker panel for NK cell in VAT. The biological interpretation needs review or more specific annotation.	dat/vat/vat_cell_state_markers.gmt	dat/vat/vat_cell_state_markers.xlsx	unknown	vat_nk_cell_cd56bright_regulatory_nk_cell	Cd56bright regulatory nk cell	vat	VAT
false	nk_cell	NK cell	Cytotoxic NK-cell panel.	2026-05-26	Cytotoxic nk cell	NK cell|cytotoxic_nk_cell|portal_default	needs_review	false	false	reviewed	10	1	portal_default	within_tissue_cell_type	Cytotoxic nk cell is a curated marker panel for NK cell in VAT. The biological interpretation needs review or more specific annotation.	dat/vat/vat_cell_state_markers.gmt	dat/vat/vat_cell_state_markers.xlsx	unknown	vat_nk_cell_cytotoxic_nk_cell	Cytotoxic nk cell	vat	VAT
false	nk_cell	NK cell	Generic interferon-response NK program.	2026-05-26	Interferon response nk cell	NK cell|interferon_response_nk_cell|portal_flagged	continuous_gradient	false	false	reviewed	10	2	portal_flagged	within_tissue_cell_type	Interferon / MHC response captures inflammatory, antiviral, and antigen-presentation activity within the parent cell type.	dat/vat/vat_cell_state_markers.gmt	dat/vat/vat_cell_state_markers.xlsx	process_gradient	vat_nk_cell_interferon_response_nk_cell	Interferon response nk cell	vat	VAT
true	nk_cell	NK cell	Generic cell-cycle panel.	2026-05-26	Proliferating nk cell	NK cell|proliferating_nk_cell|portal_flagged	continuous_or_hard_callable_if_separable	false	false	reviewed	10	2	portal_flagged	within_tissue_cell_type	Proliferation / cell cycle captures cycling cells using canonical S/G2M and mitotic markers.	dat/vat/vat_cell_state_markers.gmt	dat/vat/vat_cell_state_markers.xlsx	rare_process	vat_nk_cell_proliferating_nk_cell	Proliferating nk cell	vat	VAT
false	pericyte	Pericyte	Activated/fibrotic pericyte program; overlaps ASPC/fibroblast states.	2026-05-26	Activated fibrotic pericyte	pericyte|activated_fibrotic_pericyte|portal_flagged	continuous_gradient	false	false	reviewed	10	1	portal_flagged	within_tissue_cell_type	Activated fibrotic pericyte captures remodeling, extracellular matrix, or transition-like activity in Pericyte.	dat/vat/vat_cell_state_markers.gmt	dat/vat/vat_cell_state_markers.xlsx	process_gradient	vat_pericyte_activated_fibrotic_pericyte	Activated fibrotic pericyte	vat	VAT
false	pericyte	Pericyte	Contractile mural/pericyte program; overlaps SMC.	2026-05-26	Contractile pericyte	pericyte|contractile_pericyte|portal_default	continuous_gradient	false	false	reviewed	10	1	portal_default	within_tissue_cell_type	Contractile pericyte captures a functional activity program in Pericyte.	dat/vat/vat_cell_state_markers.gmt	dat/vat/vat_cell_state_markers.xlsx	broad_function_gradient	vat_pericyte_contractile_pericyte	Contractile pericyte	vat	VAT
false	pericyte	Pericyte	Inflammatory mural-cell response.	2026-05-26	Inflammatory pericyte	pericyte|inflammatory_pericyte|portal_flagged	continuous_gradient	false	false	reviewed	10	1	portal_flagged	within_tissue_cell_type	Inflammatory pericyte represents inflammatory activation in Pericyte.	dat/vat/vat_cell_state_markers.gmt	dat/vat/vat_cell_state_markers.xlsx	process_gradient	vat_pericyte_inflammatory_pericyte	Inflammatory pericyte	vat	VAT
false	pericyte	Pericyte	Canonical pericyte/mural-cell identity.	2026-05-26	Pericyte mural identity	pericyte|pericyte_mural_identity|portal_default	continuous_gradient	false	false	reviewed	10	1	portal_default	within_tissue_cell_type	Pericyte mural identity represents a curated identity or subtype marker program within Pericyte.	dat/vat/vat_cell_state_markers.gmt	dat/vat/vat_cell_state_markers.xlsx	broad_identity_gradient	vat_pericyte_pericyte_mural_identity	Pericyte mural identity	vat	VAT
false	smc	SMC	Canonical contractile vascular smooth muscle identity.	2026-05-26	Contractile smc identity	SMC|contractile_smc_identity|portal_default	continuous_gradient	false	false	reviewed	10	1	portal_default	within_tissue_cell_type	Contractile smc identity captures a functional activity program in SMC.	dat/vat/vat_cell_state_markers.gmt	dat/vat/vat_cell_state_markers.xlsx	broad_function_gradient	vat_smc_contractile_smc_identity	Contractile smc identity	vat	VAT
false	smc	SMC	Inflammatory SMC/stromal activation.	2026-05-26	Inflammatory smc	SMC|inflammatory_smc|portal_flagged	continuous_gradient	false	false	reviewed	10	1	portal_flagged	within_tissue_cell_type	Inflammatory smc represents inflammatory activation in SMC.	dat/vat/vat_cell_state_markers.gmt	dat/vat/vat_cell_state_markers.xlsx	process_gradient	vat_smc_inflammatory_smc	Inflammatory smc	vat	VAT
true	smc	SMC	Generic cell-cycle panel; not SMC-specific.	2026-05-26	Proliferating smc	SMC|proliferating_smc|portal_flagged	continuous_or_hard_callable_if_separable	false	false	reviewed	10	2	portal_flagged	within_tissue_cell_type	Proliferation / cell cycle captures cycling cells using canonical S/G2M and mitotic markers.	dat/vat/vat_cell_state_markers.gmt	dat/vat/vat_cell_state_markers.xlsx	rare_process	vat_smc_proliferating_smc	Proliferating smc	vat	VAT
false	smc	SMC	Synthetic/remodeling SMC-like program; overlaps fibrotic stromal cells.	2026-05-26	Synthetic remodeling smc	SMC|synthetic_remodeling_smc|portal_flagged	continuous_gradient	false	false	reviewed	10	1	portal_flagged	within_tissue_cell_type	Synthetic remodeling smc captures remodeling, extracellular matrix, or transition-like activity in SMC.	dat/vat/vat_cell_state_markers.gmt	dat/vat/vat_cell_state_markers.xlsx	process_gradient	vat_smc_synthetic_remodeling_smc	Synthetic remodeling smc	vat	VAT
false	t_cell	T cell	Cytotoxic effector T-cell panel.	2026-05-26	Cytotoxic effector t cell	T cell|cytotoxic_effector_t_cell|portal_default	needs_review	false	false	reviewed	10	1	portal_default	within_tissue_cell_type	Cytotoxic effector t cell is a curated marker panel for T cell in VAT. The biological interpretation needs review or more specific annotation.	dat/vat/vat_cell_state_markers.gmt	dat/vat/vat_cell_state_markers.xlsx	unknown	vat_t_cell_cytotoxic_effector_t_cell	Cytotoxic effector t cell	vat	VAT
false	t_cell	T cell	Checkpoint/exhaustion-like panel; interpret carefully outside chronic antigen contexts.	2026-05-26	Exhausted dysfunctional t cell	T cell|exhausted_dysfunctional_t_cell|portal_flagged	continuous_gradient	false	false	reviewed	10	1	portal_flagged	within_tissue_cell_type	Exhausted dysfunctional t cell captures a functional activity program in T cell.	dat/vat/vat_cell_state_markers.gmt	dat/vat/vat_cell_state_markers.xlsx	broad_function_gradient	vat_t_cell_exhausted_dysfunctional_t_cell	Exhausted dysfunctional t cell	vat	VAT
false	t_cell	T cell	Naive/central-memory T-cell panel.	2026-05-26	Naive central memory t cell	T cell|naive_central_memory_t_cell|portal_default	needs_review	false	false	reviewed	10	1	portal_default	within_tissue_cell_type	Naive central memory t cell is a curated marker panel for T cell in VAT. The biological interpretation needs review or more specific annotation.	dat/vat/vat_cell_state_markers.gmt	dat/vat/vat_cell_state_markers.xlsx	unknown	vat_t_cell_naive_central_memory_t_cell	Naive central memory t cell	vat	VAT
true	t_cell	T cell	Generic cell-cycle panel.	2026-05-26	Proliferating t cell	T cell|proliferating_t_cell|portal_flagged	continuous_or_hard_callable_if_separable	false	false	reviewed	10	2	portal_flagged	within_tissue_cell_type	Proliferation / cell cycle captures cycling cells using canonical S/G2M and mitotic markers.	dat/vat/vat_cell_state_markers.gmt	dat/vat/vat_cell_state_markers.xlsx	rare_process	vat_t_cell_proliferating_t_cell	Proliferating t cell	vat	VAT
false	t_cell	T cell	Regulatory T-cell panel.	2026-05-26	Regulatory t cell	T cell|regulatory_t_cell|portal_default	needs_review	false	false	reviewed	10	1	portal_default	within_tissue_cell_type	Regulatory t cell is a curated marker panel for T cell in VAT. The biological interpretation needs review or more specific annotation.	dat/vat/vat_cell_state_markers.gmt	dat/vat/vat_cell_state_markers.xlsx	unknown	vat_t_cell_regulatory_t_cell	Regulatory t cell	vat	VAT
false	t_cell	T cell	Inflammatory/Th1-like T-cell state; overlaps activated cytotoxic cells.	2026-05-26	Th1 inflammatory t cell	T cell|th1_inflammatory_t_cell|portal_flagged	continuous_gradient	false	false	reviewed	10	1	portal_flagged	within_tissue_cell_type	Th1 inflammatory t cell represents inflammatory activation in T cell.	dat/vat/vat_cell_state_markers.gmt	dat/vat/vat_cell_state_markers.xlsx	process_gradient	vat_t_cell_th1_inflammatory_t_cell	Th1 inflammatory t cell	vat	VAT
